-- phpMyAdmin SQL Dump
-- version 4.8.3
-- https://www.phpmyadmin.net/
--
-- Servidor: 127.0.0.1
-- Tiempo de generación: 19-02-2019 a las 10:06:39
-- Versión del servidor: 10.1.36-MariaDB
-- Versión de PHP: 7.2.11

SET SQL_MODE = "NO_AUTO_VALUE_ON_ZERO";
SET AUTOCOMMIT = 0;
START TRANSACTION;
SET time_zone = "+00:00";


/*!40101 SET @OLD_CHARACTER_SET_CLIENT=@@CHARACTER_SET_CLIENT */;
/*!40101 SET @OLD_CHARACTER_SET_RESULTS=@@CHARACTER_SET_RESULTS */;
/*!40101 SET @OLD_COLLATION_CONNECTION=@@COLLATION_CONNECTION */;
/*!40101 SET NAMES utf8mb4 */;

--
-- Base de datos: `tienda`
--

-- --------------------------------------------------------

--
-- Estructura de tabla para la tabla `administrador`
--

CREATE TABLE `administrador` (
  `id` int(10) UNSIGNED NOT NULL,
  `nombre` varchar(32) COLLATE utf8_unicode_520_ci NOT NULL,
  `apellidos` varchar(64) COLLATE utf8_unicode_520_ci NOT NULL,
  `usuario` varchar(32) COLLATE utf8_unicode_520_ci NOT NULL,
  `email` varchar(128) COLLATE utf8_unicode_520_ci NOT NULL,
  `contrasena` varchar(256) COLLATE utf8_unicode_520_ci NOT NULL
) ENGINE=InnoDB DEFAULT CHARSET=utf8 COLLATE=utf8_unicode_520_ci;

--
-- Volcado de datos para la tabla `administrador`
--

INSERT INTO `administrador` (`id`, `nombre`, `apellidos`, `usuario`, `email`, `contrasena`) VALUES
(1, 'Javier', 'Martín Román', 'javiermr', 'javiermr@alumnos.iesgalileo.es', '$2y$10$kR6ng34OdHyOWIjZI9QktOFqGMq4cyaDiTVqtlJ8qrajPr6Pt.mwq'),
(2, 'Sergio', 'Gutiérrez Tejedor', 'sergiogt', 'sergiogt@alumnos.iesgalileo.es', '$2y$10$kR6ng34OdHyOWIjZI9QktOFqGMq4cyaDiTVqtlJ8qrajPr6Pt.mwq'),
(3, 'Yeray', 'Pérez San José', 'yerayps', 'yerayps@alumnos.iesgalileo.es', '$2y$10$kR6ng34OdHyOWIjZI9QktOFqGMq4cyaDiTVqtlJ8qrajPr6Pt.mwq'),
(4, 'Jose Manuel', 'Illán', 'josemanuelic', 'josemanuelic@alumnos.iesgalileo.es', '$2y$10$kR6ng34OdHyOWIjZI9QktOFqGMq4cyaDiTVqtlJ8qrajPr6Pt.mwq');

-- --------------------------------------------------------

--
-- Estructura de tabla para la tabla `factura`
--

CREATE TABLE `factura` (
  `id` int(10) UNSIGNED NOT NULL,
  `fecha` datetime NOT NULL,
  `total` float UNSIGNED NOT NULL,
  `iva` tinyint(3) UNSIGNED NOT NULL,
  `id_usuario` int(10) UNSIGNED NOT NULL
) ENGINE=InnoDB DEFAULT CHARSET=utf8 COLLATE=utf8_unicode_520_ci;

--
-- Volcado de datos para la tabla `factura`
--

INSERT INTO `factura` (`id`, `fecha`, `total`, `iva`, `id_usuario`) VALUES
(1, '2019-02-18 17:14:41', 316.96, 21, 1),
(2, '2019-02-19 06:59:44', 1004.7, 21, 2),
(3, '2019-02-19 07:02:27', 1084.69, 21, 2),
(4, '2019-02-19 07:18:19', 417, 21, 3),
(5, '2019-02-19 07:19:24', 264.9, 21, 3),
(6, '2019-02-19 07:32:14', 121.568, 21, 2),
(7, '2019-02-19 07:38:56', 559.93, 21, 2),
(8, '2019-02-19 07:56:46', 39.99, 21, 2);

-- --------------------------------------------------------

--
-- Estructura de tabla para la tabla `favorito`
--

CREATE TABLE `favorito` (
  `id` int(10) UNSIGNED NOT NULL,
  `id_producto` int(10) UNSIGNED NOT NULL,
  `id_usuario` int(10) UNSIGNED NOT NULL
) ENGINE=InnoDB DEFAULT CHARSET=utf8 COLLATE=utf8_unicode_520_ci;

-- --------------------------------------------------------

--
-- Estructura de tabla para la tabla `linea`
--

CREATE TABLE `linea` (
  `id` int(10) UNSIGNED NOT NULL,
  `id_producto` int(10) UNSIGNED NOT NULL,
  `id_factura` int(10) UNSIGNED NOT NULL,
  `unidades` tinyint(3) UNSIGNED NOT NULL,
  `importe` float UNSIGNED NOT NULL
) ENGINE=InnoDB DEFAULT CHARSET=utf8 COLLATE=utf8_unicode_520_ci;

--
-- Volcado de datos para la tabla `linea`
--

INSERT INTO `linea` (`id`, `id_producto`, `id_factura`, `unidades`, `importe`) VALUES
(1, 119, 1, 1, 37),
(2, 110, 1, 3, 278),
(3, 22, 2, 3, 1),
(4, 22, 3, 3, 1),
(5, 122, 3, 1, 80),
(6, 41, 4, 2, 318),
(7, 43, 4, 1, 99),
(8, 21, 5, 1, 265),
(9, 119, 6, 4, 122),
(10, 122, 7, 7, 560),
(11, 123, 8, 1, 40);

-- --------------------------------------------------------

--
-- Estructura de tabla para la tabla `producto`
--

CREATE TABLE `producto` (
  `id` int(10) UNSIGNED NOT NULL,
  `nombre` varchar(128) COLLATE utf8_unicode_520_ci NOT NULL,
  `descripcion` text COLLATE utf8_unicode_520_ci NOT NULL,
  `precio` float UNSIGNED NOT NULL,
  `categoria` enum('Tarjetas gráficas','Procesadores','Memoria RAM','Fuentes de alimentación','Placas base','Discos duros','Cajas','Ventilación') COLLATE utf8_unicode_520_ci NOT NULL,
  `fabricante` varchar(64) COLLATE utf8_unicode_520_ci NOT NULL,
  `destacado` tinyint(1) NOT NULL DEFAULT '0',
  `unidades` int(3) NOT NULL DEFAULT '15'
) ENGINE=InnoDB DEFAULT CHARSET=utf8 COLLATE=utf8_unicode_520_ci;

--
-- Volcado de datos para la tabla `producto`
--

INSERT INTO `producto` (`id`, `nombre`, `descripcion`, `precio`, `categoria`, `fabricante`, `destacado`, `unidades`) VALUES
(1, 'Asus GeForce GTX 1060 Expedition OC 6GB GDDR5', 'Las tarjetas gráficas ASUS Expedition están fabricadas para una acción sin interrupciones, diseñadas con una durabilidad sin interrupciones para una vida útil de 2X más larga y confiabilidad superior. Incluso probamos las tarjetas hasta los límites, con 144 horas de pruebas de sistema sin disco y comprobaciones exhaustivas de compatibilidad con los mejores juegos. Mientras que el GPU Tweak II con XSplit Gamecaster ofrece una experiencia de juego sin interrupciones y transmisión en tiempo real. están fabricadas para una acción sin interrupciones, diseñadas con una durabilidad sin interrupciones para una vida útil de 2X más larga y confiabilidad superior. Incluso probamos las tarjetas hasta los límites, con 144 horas de pruebas de sistema sin disco y comprobaciones exhaustivas de compatibilidad con los mejores juegos. Mientras que el GPU Tweak II con XSplit Gamecaster ofrece una experiencia de juego sin interrupciones y transmisión en tiempo real.', 499.99, 'Tarjetas gráficas', 'Asus', 0, 20),
(2, 'MSI GeForce RTX 2070 Gaming 8GB GDDR6', 'Esta arquitectura revolucionaria, combinada con la plataforma GeForce RTX fusiona el trazado de rayos en tiempo real, la inteligencia artificial y el sombreado programable. Jamás se habían podido crear y disfrutar los juegos, como ahora.', 529.99, 'Tarjetas gráficas', 'MSI', 1, 15),
(3, 'Asus GeForce GT 1030 Silent 2GB GDDR5', 'Te presentamos la GeForce GT 1030 de Gigabyte , una gráfica con 2GB GDDR5, refrigeración pasiva y perfil bajo. Prepárate para el juego con GeForce® GT.', 85.99, 'Tarjetas gráficas', 'Asus', 0, 15),
(4, 'Asus GeForce GT 710 2GB GDDR3', 'ASUS GeForce® GT 710 grandes gráficos con un verdadero enfriamiento eficiente de 0dB', 50.99, 'Tarjetas gráficas', 'Asus', 0, 40),
(5, 'MSI GeForce GT710 H2D 2GB GDDR3', 'Te presentamos en PcComponentes la GT710 de MSI, una gráfica con 2GB GDDR3.', 49.99, 'Tarjetas gráficas', 'MSI', 0, 15),
(6, 'MSI Radeon RX 580 Armor 8G OC 8GB GDDR5', 'Te presentamos la Radeon RX 580 8G OC de MSI, una tarjeta gráfica con 8GB GDDR5 y sistema de ventilación Armor exclusivo de MSI,', 244.9, 'Tarjetas gráficas', 'MSI', 0, 15),
(7, 'Asus Rog Strix Gaming GeForce RTX 2060 OC 6GB GDDR6', 'La ROG Strix GeForce RTX ™ 2060 otorga a la GPU más reciente de NVIDIA ® una solución de enfriamiento seria, preparando el escenario para un juego de alto nivel. Un proceso de producción automatizado garantiza la confiabilidad, y los ventiladores Wing-Blade probados y verdaderos hacen que el rendimiento de Turing ™ brille. Y con un arsenal de utilidades que le permiten personalizar y modificar este poderoso hardware, usted puede tomar las decisiones.', 479, 'Tarjetas gráficas', 'Asus', 1, 0),
(8, 'EVGA GeForce GTX 1060 SC Gaming 3GB GDDR5', 'Ya está aquí la GeForce GTX 1060, la tercera de la familia de tarjetas gráficas Nvidia que estrenan Pascal como arquitectura, la revolución en gaming y computación gráfica.\r\n\r\nRepleta de novedosas tecnologías,  la EVGA GTX 1060 puede con todo. Parte de la culpa la tiene la mencionada tecnología Pascal utilizada para fabricar la GPU, de la que hablaremos a continuación, sus 3GB de RAM GDDR5 y un diseño que exprime al máximo las posibilidades de este dispositivo en entornos de realidad virtual a cambio de un eficiente uso energético.', 209.9, 'Tarjetas gráficas', 'EVGA', 0, 15),
(9, 'Gigabyte AORUS GeForce RTX 2080 Ti XTREME 11G GDDR6 Reacondicionado', 'La nueva tarjeta gráfica Gigabyte AORUS GeForce RTX 2080 Ti XTREME 11G GDDR6 es una de la GPU para juegos más avanzada del planeta, impulsada por la arquitectura NVIDIA Turing ™ de alto rendimiento. Los gráficos de AORUS están dedicados a la calidad perfecta. El excelente diseño del circuito con los materiales de primera calidad no solo maximiza el rendimiento de la GPU, sino que también mantiene un funcionamiento estable y duradero.', 1314.8, 'Tarjetas gráficas', 'Gigabyte', 0, 15),
(10, 'Gigabyte GeForce GTX 1070 Ti 8GB GDDR5', 'Te presentamosla tarjeta gráfica Gigabyte GTX 1070Ti 8GB GDDR5.', 454.99, 'Tarjetas gráficas', 'Gigabyte', 0, 15),
(11, 'Gigabyte GeForce RTX 2060 Mini Itx OC 6GB GDDR6', 'El sistema de enfriamiento diseñado a medida de GIGABYTE cuenta con un ventilador de cuchilla único de 90 mm, 3 tubos de calor de cobre compuesto con GPU de contacto directo y funcionalidad de ventilador activo 3D, que entregan una capacidad efectiva de disipación de calor para un mayor rendimiento a temperaturas más bajas.', 399.9, 'Tarjetas gráficas', 'Gigabyte', 0, 15),
(12, 'MSI GTX 1060 GAMING X 6GB GDDR5', 'Ya está aquí la GeForce GTX 1060, la tercera de la familia de tarjetas gráficas Nvidia que estrenan Pascal como arquitectura, la revolución en gaming y computación gráfica.\r\n\r\nRepleta de novedosas tecnologías,  la MSI GTX 1060 puede con todo. Parte de la culpa la tiene la mencionada tecnología Pascal utilizada para fabricar la GPU, de la que hablaremos a continuación, sus 6GB de RAM GDDR5 y un diseño que exprime al máximo las posibilidades de este dispositivo en entornos de realidad virtual a cambio de un eficiente uso energético.', 289.9, 'Tarjetas gráficas', 'MSI', 0, 15),
(13, 'Asus ROG Strix GeForce RTX 2080 Advanced Edition 8GB GDDR6', 'La ROG Strix GeForce® RTX 2080 aúna la GPU más avanzada hasta la fecha de NVIDIA® con un conjunto de funciones altamente especializadas, como un diseño de suministro eléctrico colosal que genera el músculo necesario para expandir los horizontes de overclocking y un diseño de refrigeración a medida que mantiene las temperaturas bajo control. Todo ello junto a un arsenal de utilidades para ajustar todo según prefieras.', 979.9, 'Tarjetas gráficas', 'Asus', 0, 8),
(14, 'MSI GeForce GTX 1050Ti GAMING X 4GB GDDR5', 'UN TRABAJO EN EQUIPO PARA UNA MAYOR RESISTENCIA.\r\n\r\nJusto como en los juegos, la exclusiva MSI TORX 2.0 Fan Technology utiliza el poder del trabajo en el equipo para proporcionar a TWIN FROZR VI nuevos niveles de refrigeración. El diseño TORX 2.0 FAN genera un 22% más de presión de aire para un rendimiento en supremo silencio durante el fragor de la batalla.', 194.9, 'Tarjetas gráficas', 'MSI', 0, 15),
(15, 'MSI GT 1030 AERO ITX 2GD4 OC 2GB DDR4', 'Acelera toda la potencia de tu PC con la rápida y potente tarjeta gráfica NVIDIA GeForce GT 1030. Juegos, vídeo HD y edición de imágenes. La galardonada arquitectura NVIDIA Pascal de GT 1030, su poderoso motor gráfico y las tecnologías de última generación te ofrecen la actualización de rendimiento que necesitas para manejar las aplicaciones de PC más exigentes.', 84.99, 'Tarjetas gráficas', 'MSI', 1, 15),
(16, 'Asus ROG Strix GeForce RTX 2070 O8G Gaming 8GB GDDR6', 'El nuevo buque insignia de NVIDIA, GeForce® RTX 2070, es la GPU para juegos más avanzada del planeta, impulsada por la arquitectura NVIDIA Turing ™ de alto rendimiento, con 8GB GDDR6 en su versión OC de Asus.', 695.99, 'Tarjetas gráficas', 'Asus', 0, 15),
(17, 'MSI GeForce RTX 2070 Aero ITX 8GB GDDR6', 'Las tarjetas gráficas MSI AERO ITX son perfectas para sistemas de factor de forma pequeño y HTPC, ya que solo ocupan una fracción del espacio de una tarjeta gráfica de tamaño completo. Esto significa que encajarán en prácticamente cualquier sistema y garantizarán una experiencia de juego sin problemas.', 549.9, 'Tarjetas gráficas', 'MSI', 0, 15),
(18, 'Zotac GeForce GTX 1060 AMP ! Edition 6GB GDDR5X', 'La tarjeta gráfica ZOTAC GeForce GTX 1060 está cargada con nuevas e innovadoras tecnologías de juego, lo que la convierte en la opción perfecta para los últimos juegos de alta definición. Desarrollado por NVIDIA Pascal ™, la arquitectura GPU más avanzada jamás creada, la ZOTAC GeForce GTX 1060 ofrece un rendimiento brillante que abre la puerta a la realidad virtual y más allá.', 244.99, 'Tarjetas gráficas', 'Zotac', 1, 15),
(19, 'MSI GeForce RTX 2080 Ventus 8GB GDDR6', 'Un nuevo diseño de ventilador doble, VENTUS muestra con orgullo sus formas industriales en colores neutros para adaptarse a cualquier construcción. En la nueva era de los e-sports, lo que se persigue es una experiencia de juego más realista. La tecnología de seguimiento de rayos en tiempo real de la tarjeta de gráficos GeForce® RTX ofrece gráficos asombrosos y realistas.', 734.9, 'Tarjetas gráficas', 'MSI', 0, 15),
(20, 'MSI GeForce GTX 1070 Ti GAMING 8 GB GDDR5 Reacondicionado', 'Te presentamos la tarjeta gráfica MSI GeForce GTX 1070 Ti GAMING 8 GB.', 445.25, 'Tarjetas gráficas', 'MSI', 0, 15),
(21, 'Intel Core i5-8600K 3.6GHz BOX', 'Te presentamos el Intel Core i5-8600K, un procesador de 8ª Generación y socket Intel 1151.', 264.9, 'Procesadores', 'Intel', 0, 15),
(22, 'Intel Core i7-8700 3.2Ghz BOX', 'Te presentamos el Intel Core i7-8700, un procesador de 8ª Generación, con socket Intel 1151.', 334.9, 'Procesadores', 'Intel', 0, 15),
(23, 'Procesador AMD Ryzen 7 2700X 4.3 Ghz\r\n', 'El nuevo AMD Ryzen 7 2700X pertenece a la nueva serie de procesadores Ryzen 2000, las CPU más potentes y actuales la compañía que suponen un nuevo paso adelante en la magnífica línea iniciada hace un año con la familia Ryzen de procesadores AMD.\r\n\r\nEn concreto, el modelo 2700X es un silicio fabricado en 12 nanómetros, una litografía más pequeña que permite hacer más con menos, pues en el mismo espacio que antes, AMD es capaz de incluir un mayor número elementos.\r\n\r\nLa CPU consta de 8 núcleos multihilo con una velocidad de 4360 MHz cada uno de ellos, dando como resultado 16 líneas de procesamiento. El salto generacional arroja un aumento de las frecuencias de un 9%, porcentaje que se ve incrementado con las mejoras de tecnologías como Precision Boost Overdrive y XFR2 de las que hablaremos a continuación.\r\n\r\nDispone de 2 módulos de 8 MB de caché L3 (16 MB en total) junto a 2 MB de caché L2 (dividido en 8 bloques de 512 KB) y dos módulos de 8 x 32 KB y 8 x 64 KB bloques de memoria caché L1 hasta alcanzar los 768 KB, manteniéndose casi de forma idéntica con los tope de gama de la generación anterior.\r\n\r\nEste Ryzen 7 2700X soporta el mismo número de conjuntos de instrucciones que los Ryzen de primera generación: AES, AVX, AVX2, FMA3, AMD-V, MMX(+), SSE, SSE2, SSE3, SSSE3, SSE4.1, SSE4.2, SSE4A, SHA y x86-64.\r\n\r\nTras la batería de pruebas tanto sintéticas como reales basadas en herramientas de benchmarking como 3DMark, Unigine Benchmark, Cinebench 15 o UserBenchmark se constata que el rendimiento de este procesador tanto en aplicaciones profesionales como en juegos es totalmente sobresaliente. Esto convierte al Ryzen 7 2700X en el procesador ideal tanto para diseñadores y editores de vídeo e imagen, diseñadores 3D, así como para los gamers más exigentes.', 345.9, 'Procesadores', 'AMD', 1, 15),
(24, 'Intel Core i3-8100 3.6GHz BOX', 'Te presentamos el Intel Core i3-8100, un procesador Intel de 8ª Generación con socket Intel 1151.\r\n\r\n', 124.99, 'Procesadores', 'Intel', 1, 15),
(25, 'Intel Pentium G4560 3.5GHz Box\r\n', 'Rendimiento excepcional para Trabajar, jugar y mucho más\r\nPrepárate para más de lo que quieres y necesitas. Los nuevos procesadores Intel® Pentium® te permiten transmitir, compartir, comprar, jugar, crear, consumir... y todo al mismo tiempo.\r\n\r\nDescubre una nueva dimensión en productividad con la próxima generación de procesadores Pentium® de Intel. Rendimiento optimizado para acelerar los 2 en 1, portátiles, torres, equipos de sobremesa y All-in-one. Apúntate al estilo más fino, elegante y pequeño con una fiabilidad en la que puedes confiar.\r\n\r\nImágenes espléndidas\r\nYa estés haciendo streaming de vídeo Ultra HD en una pantalla grande o simplemente leyendo las noticias, disfruta de impresionantes características de entretenimiento y multimedia en una amplia gama de dispositivos con los nuevos procesadores Intel® Pentium®.\r\n\r\nChatea, compra o navega con estilo\r\nDisfruta de un rendimiento informático excepcional para mantener tu vida en movimiento. Busca en Internet, compra y comunícate con tu familia y amigos al mismo tiempo. Gracias a unos gráficos mejorados, un bajo consumo y un peso reducido, contempla un procesador diseñado para disfrutar de unas experiencias mejores.\r\n\r\nHagas lo que hagas, hazlo más rápido\r\nEl nuevo procesador Intel® Pentium® ha mejorado la funcionalidad para la multitarea ayudándote a trabajar más con menos estrés. Crea, edita y organiza documentos fundamentales mientras gestionas fotos y sigues al tanto de tus correos electrónicos.\r\n\r\nNunca dejes de jugar\r\nEl Intel® Pentium® incorpora gráficos mejorados y rendimiento informático suficiente para impulsar tus videojuegos ocasionales. Sube de nivel tu diversión con más acción fluida y experiencias de juego más veloces.', 69.99, 'Procesadores', 'Intel', 1, 15),
(26, 'Intel Core i9-9900K 3.6Ghz\r\n', 'Sólo compatible con sus placas base basadas en chipset de la serie 300, el procesador Intel Core i9-9900K 3.6 GHz Eight-Core LGA 1151 está diseñado para juegos, creación y productividad.\r\n\r\nTiene una velocidad de reloj base de 3.6 GHz y viene con características como la compatibilidad con Intel Optane Memory, el cifrado AES-NI, la tecnología Intel vPro, Intel TXT, la Protección de dispositivos Intel con Boot Guard, la tecnología de virtualización Intel VT-d para E / S dirigida y la tecnología Intel Hyper-Threading para tareas múltiples de 16 vías.\r\n\r\nCon la tecnología Intel Turbo Boost Max 3.0, la frecuencia máxima de turbo que este procesador puede alcanzar es de 5.0 GHz. Además, este procesador cuenta con 8 núcleos con 16 subprocesos en un zócalo LGA 1151, tiene 16 MB de memoria caché y 24 líneas PCIe. Tener 8 núcleos permite que el procesador ejecute varios programas simultáneamente sin ralentizar el sistema, mientras que los 16 subprocesos permiten que una secuencia de instrucciones ordenada básica pase o sea procesada por un solo núcleo de CPU. Este procesador también admite memoria RAM DDR4-2666 de doble canal y utiliza tecnología de novena generación.', 589.9, 'Procesadores', 'Intel', 0, 15),
(27, 'Procesador Intel Pentium Gold G5400 3.7GHz Box\r\n', 'Te presentamos el nuevo procesador Intel Pentium Gold G5400.\r\n\r\n', 69.99, 'Procesadores', 'Intel', 0, 15),
(28, 'Procesador AMD Ryzen 7 2700 4.1 Ghz\r\n', 'Te presentamos el AMD Ryzen 7 2700, un procesador que cuenta con 8 núcleos, socket AMD AM4 y arquitectura de 64 bits. Y es que la forma de contratacar de AMD ha sido contundente, lo nuevos Ryzen no solo demuestran mayor efectividad si no tambien un consumo mucho más contenido que sus predecesores. Los procesadores AMD Ryzen están diseñados para satisfacer las necesidades de los usuarios más avanzados y exigentes. Para minimizar la latencia de respuesta AMD lanza la tecnología Turbo Core que dará la mayor frecuencia del núcleo cuando lo necesita. .\r\n\r\n', 278.99, 'Procesadores', 'AMD', 0, 15),
(29, 'AMD Athlon 200GE 3.2GHz Socket AM4\r\n', 'El procesador básico más avanzado que AMD ha creado nunca, para usuarios que buscan una respuesta rápida y gráficos Radeon™ Vega integrados, con la arquitectura de procesador innovadora que necesitan para aprovechar la actualización de la tarjeta de gráficos. Navega por Internet con rapidez, transmite videos en tiempo real sin un solo corte y juega los títulos de esports más populares en alta definición a 720p.\r\n\r\n', 54.99, 'Procesadores', 'AMD', 0, 15),
(30, 'Intel Core i7-7820X 3.6Ghz BOX\r\n', 'Te presentamos lo último de Intel, los nuevos procesadores para los socket 2066, con hasta 18 núcleos y 36 hilos, la familia de procesadores Intel® Core™ serie X es nuestra familia más potente. Convierte tu ordenador en un estudio: produce vídeos 4K o en 360 grados asombrosos, fotos sensacionales o una música increíble. Esta es la herramienta definitiva para los videojuegos y la realidad virtual experimenta el poder de hacerlo todo.\r\n\r\n', 499.9, 'Procesadores', 'Intel', 0, 15),
(31, 'AMD Ryzen Threadripper 2950X 3.5GHz\r\n', 'AMD Ryzen Threadripper 2950X metal pesado para los jugadores más exigentes.\r\n\r\nCon 16 núcleos que proporcionan una increíble potencia de multiprocesamiento simultáneo de 32 subprocesos, una caché combinada de 40 MB y un mayor nivel de E/S, la plataforma AMD X399 de nivel aficionado está preparada para vencer a todas las fieras. \r\n\r\nLa mejor plataforma para los aficionados de los ordenadores de escritorio\r\nLa mejor plataforma de escritorio: el chipset de AMD X399 es compatible tanto con los procesadores AMD Ryzen Threadripper de 1.º como de 2.º generación (puede que sea necesario actualizar la BIOS). Creado para los creadores que juegan y los jugadores que crean, el chipset ampliable de AMD X399 ofrece una expansión sin precedentes para los sistemas en serie de NVMe y varias GPU grandes. Mientras tanto, la memoria DDR4 de cuatro canales, la compatibilidad con ECC y la sobreaceleración (overclocking) desbloqueada convierten la plataforma X399 en un anzuelo para los usuarios que dependen de una capacidad de cómputo de verdad. \r\n\r\nEstablecemos nuevos parámetros de alto rendimiento y eficiencia\r\nLa arquitectura de núcleo “Zen” x86 de alto rendimiento de AMD ofrece una mejora de más del 52 % en el ciclo de instrucciones por reloj en comparación con la generación anterior de núcleos de AMD.\r\n\r\nLa 2.ª generación de procesadores Ryzen ofrece incluso más rendimiento gracias a las mejoras de la nueva arquitectura “Zen+”, que lo convierten en el primer procesador para computadoras de escritorio en el nodo de proceso de 12 nm avanzado.\r\n\r\nTecnología AMD SenseMI. La tecnología con pensamiento.\r\nLa tecnología SenseMI de AMD es un conjunto de características de aprendizaje y adaptación para personalizar el rendimiento de los procesadores AMD Ryzen™ según el usuario y las aplicaciones, gracias a la inteligencia artificial (MI) verdadera. En síntesis: rendimiento con pensamiento.\r\n\r\nAMD Ryzen Master. Tu herramienta para desbloquear los procesadores AMD Ryzen™\r\nCada procesador AMD Ryzen viene con el multiplicador desbloqueado de fábrica, para que puedas personalizar el rendimiento a tu gusto. AMD proporciona la utilidad AMD Ryzen Master para acceder a esta potente ventaja.', 923.99, 'Procesadores', 'AMD', 0, 15),
(32, 'Intel Core i9-9900X 3.5 GHz BOX\r\n', 'Te presentamos lo último de Intel, los nuevos procesadores para los socket 2066, con hasta 18 núcleos y 36 hilos, la familia de procesadores Intel® Core™ serie X es nuestra familia más potente. Convierte tu ordenador en un estudio: produce vídeos 4K o en 360 grados asombrosos, fotos sensacionales o una música increíble. Esta es la herramienta definitiva para los videojuegos y la realidad virtual experimenta el poder de hacerlo todo.', 1078, 'Procesadores', 'Intel', 0, 15),
(33, 'Intel Core Extreme i9-9980XE 3 GHz BOX\r\n', 'Con hasta 18 núcleos, la familia de procesadores Intel® Core™ i7 99xx es nuestra familia más potente. Convierte tu ordenador en un estudio: produce vídeos 4K o en 360 grados asombrosos, fotos sensacionales o una música increíble. Esta es la herramienta definitiva para los videojuegos y la realidad virtual. Experimenta el poder de hacerlo todo.\r\n\r\n', 2149, 'Procesadores', 'Intel', 0, 15),
(34, 'AMD A Series A6-7480 3.5 GHz\r\n', 'El avanzado procesador Serie A de AMD está diseñado para aumentar la productividad, mejorar los contenidos multimedia y proporcionar una experiencia de juego de primera clase, con una plataforma orientada al futuro que esta preparada para actualizarse cuando tú lo estés.\r\n\r\n', 37.99, 'Procesadores', 'AMD', 0, 15),
(35, 'Intel Core Xeon E5-2620 v3 2.4 Ghz Box\r\n', 'Te presentamos el procesador Intel Core Xeon E5-2620 v3 para socket Intel 2011-3.\r\n', 479.9, 'Procesadores', 'Intel', 0, 15),
(36, 'Intel i7-6800K 3.4Ghz Box\r\n', 'La nueva hornada de procesadores Intel estrena socket o zócalo, pasando de los 1150 pines de la generación Haswell a los 2011-3 de este i7 6800K de la generación Broadwell.\r\n\r\nFabricados en 14 nanómetros, estos Intel Core i7 repiten el proceso instaurado en los Broadwell y cuenta con 6 núcleos a 3.4GHz y un turbo que aumenta la frecuencia a  3.6GHz. También posee 15MB de memoria caché L3.El i7 dispone de 28 líneas PICe, aprovechando al máximo el rendimiento de una tarjeta gráfica operando a x16, o permitiendo el uso compartido de una solución SLI e en x8/x8 en una instalación dual, x8/x4/x4 en una triple AMD Crossfire. Como acabamos de detallar, el límite de esta CPU es una configuración de tres gráficas.\r\n\r\nEl bus ha sido mejorado para aumentar el intercambio entre el procesador y la placa base un 40% más rápido con Direct Media Interface 3.0 (DMI). Además del incremento de velocidad, también es posible conectar más dispositivos al chipset i7 6800.\r\n\r\nOtra de las innovaciones, quizá la más destacable, es el soporte para memoria RAM DDR4 bajo la tecnología dual-channel y compatible con los modelos de hasta 2133MHz y una capacidad máxima de 64GB DDR4.', 269.9, 'Procesadores', 'Intel', 0, 15),
(37, 'Intel Core i3-4170 3.7GHz Box\r\n', '', 133.99, 'Procesadores', 'Intel', 0, 15),
(38, 'Intel Core i7-9700KF 3.60 GHz\r\n', 'Compatible con la memoria Intel® Optane™. La memoria Intel® Optane™ es un nuevo y revolucionario tipo de memoria no volátil que se encuentra entre la memoria del sistema y el almacenamiento con el fin de acelerar el desempeño y la capacidad de respuesta del sistema. Al combinarse con el controlador de la Tecnología de almacenamiento Intel® Rapid, administra de manera fluida varios niveles de almacenamiento al mismo tiempo que presenta una sola unidad virtual al sistema operativo, lo cual permite que los datos de uso frecuente residan en el nivel de almacenamiento más rápido. La memoria Intel® Optane™ requiere de configuración específica del hardware y el software.\r\n\r\n', 439.9, 'Procesadores', 'Intel', 0, 15),
(39, 'Intel Core i7-7740X 4.3Ghz BOX\r\n', 'Te presentamos lo último de Intel, los nuevos procesadores para los socket 2066, con hasta 18 núcleos y 36 hilos, la familia de procesadores Intel® Core™ serie X es nuestra familia más potente. Convierte tu ordenador en un estudio: produce vídeos 4K o en 360 grados asombrosos, fotos sensacionales o una música increíble. Esta es la herramienta definitiva para los videojuegos y la realidad virtual experimenta el poder de hacerlo todo.\r\n\r\n', 406, 'Procesadores', 'Intel', 0, 15),
(40, 'Intel Core i3-9350KF 4 GHz\r\n', 'Te presentamos el Intel Core i3-9350KF, un procesador Intel de 9ª Generación con socket Intel 1151.\r\n\r\n', 239.9, 'Procesadores', 'Intel', 0, 15),
(41, 'G.Skill Trident Z RGB DDR4 3200 PC4-25600 16GB 2x8GB CL16', 'La nueva gama de memorias RAM G.Skill Trident Z RGB ofrece soluciones para un rendimiento increíble. Estos kits optimizan el rendimiento de las plataformas de nueva generación, con la ventaja añadida de un alto potencial de overclocking. Además, estas rápidas memorias incorporan un sistema de iluminación LED RGB con hasta 16.8 millones de colores con varios modos de iluminación por software. Simplemente pincha la memoria Trident Z RGB en tu placa basey disfruta de la iluminación.\r\n\r\nLa compañía G.Skill, gracias a un intenso trabajo de I+D durante sus más de 25 años de historia, ha diseñado y fabricado las memorias Trident Z RGB para el overclocking y el gaming más exigente. Con un PCB de alta calidad de 10 capas, un disipador denso de aluminio para una óptima temperatura, los mejores chips de memoria seleccionados a mano y la tecnología Intel XMP 2.0 para un overclocking sencillo, estas memorias te darán el rendimiento que necesitas en tu sistema, tanto si vas a hacer overclocking como si vas a jugar.', 159, 'Memoria RAM', 'G.Skill ', 0, 15),
(42, 'Crucial DDR4 2400 PC4-19200 8GB CL17', 'CT8G4DFS824A  es un módulo DDR4 de rango único de 8 GB para ordenadores de sobremesa que funciona con velocidades de hasta 2400 MT/s y tiene una latencia CL17. Es una DIMM sin búfer. Cumple con el estándar de la industria para DDR4 ECC UDIMM con disposición de 288 pines y es compatible con ordenadores que utilizan memorias UDIMM DDR4 a 2400 MT/s.', 55.99, 'Memoria RAM', 'Crucial', 0, 15),
(43, 'G.Skill Ripjaws V Red DDR4 2400 PC4-19200 16GB 2x8GB CL15', 'La nueva gama G.Skill Ripjaws V ofrece soluciones para un rendimiento increíble. Estos kits optimizar el rendimiento de las plataformas de nueva generación, con la ventaja añadida un alto potencial de overclocking. Con tensiones nominales de 1,2 V o 1.35V (dependiendo del modelo), la memoria de G.Skill Ripjaws Serie V están optimizados para Intel o AMD.', 99, 'Memoria RAM', 'G.Skill', 0, 15),
(44, 'Corsair Vengeance LPX DDR4 3000 PC-24000 16GB 2x8GB CL15', 'La memoria Vengeance LPX se ha diseñado para overclocking de alto rendimiento. El disipador de calor, fabricado en aluminio puro, permite una disipación térmica más rápida; la placa impresa de ocho capas administra el calor y proporciona una capacidad superior para incrementar el overclocking. Cada circuito integrado está seleccionado individualmente para el máximo potencial de rendimiento. El formato DDR4 está optimizado para las placas base Intel de la serie X99 más recientes y ofrece frecuencias más elevadas, mayor ancho de banda y menor consumo energético que los módulos DDR3. Se ha verificado la compatibilidad de los módulos Vengeance LPX DDR4 para toda las placas base de la serie X99, lo que asegura un rendimiento rápido y fiable. Compatibilidad con XMP 2.0 para un overclocking automático sin problemas. Y están disponibles en distintos colores para combinar con su placa base, sus componentes, o sencillamente con su estilo personal.', 135, 'Memoria RAM', 'Corsair', 0, 15),
(45, 'Kingston HyperX Fury Black DDR4 2400 PC4-19200 8GB CL15', 'Te presentamos la revolución en las memorias para PC. La Kingston HyperX Fury DDR4 ha sido diseñada para ofrecer un rendimiento superior a lo establecido. Disfruta de toda la potencia y saca el mayor partido a tu procesador y gráfica con la serie Fury de Kingston. Con el lanzamiento del procesador Intel Skylake y los chipsets de serie 100, HyperX se complace en anunciar que todas sus unidades HyperX FURY DDR4 y HyperX Predator DDR4 son compatibles con Skylake. \r\n\r\n', 58, 'Memoria RAM', 'Kingston', 0, 15),
(46, 'Corsair Vengeance LPX DDR4 2400 PC4-19200 16GB 2x8GB CL16', 'La memoria Vengeance LPX se ha diseñado para overclocking de alto rendimiento. El disipador de calor, fabricado en aluminio puro, permite una disipación térmica más rápida; la placa impresa de ocho capas administra el calor y proporciona una capacidad superior para incrementar el overclocking. Cada circuito integrado está seleccionado individualmente para el máximo potencial de rendimiento. El formato DDR4 está optimizado para las placas base Intel de la serie X99/100 Series más recientes y ofrece frecuencias más elevadas, mayor ancho de banda y menor consumo energético que los módulos DDR3. Se ha verificado la compatibilidad de los módulos Vengeance LPX DDR4 para toda las placas base de la serie X99/100 Series, lo que asegura un rendimiento rápido y fiable. Compatibilidad con XMP 2.0 para un overclocking automático sin problemas. Y están disponibles en distintos colores para combinar con su placa base, sus componentes, o sencillamente con su estilo personal.', 109, 'Memoria RAM', 'Corsair', 0, 15),
(47, 'V7 V7192008GBD-SR DDR4 2400 PC4-19200 8GB CL17', 'Actualizar la memoria de su ordenador de sobremesa o notebook portátil es una de las maneras más rentables para aumentar el rendimiento. actualizaciones de memoria son rápidos y fáciles de instalar. La adición de memoria adicional garantiza que el sistema operativo y las aplicaciones se ejecutan más rápido y suave y es esencial para aplicaciones como juegos, vídeo de alta definición y edición de imágenes, diseño gráfico, la multitarea y la manipulación de grandes cantidades de datos. La actualización es también una manera fácil de extender la vida útil del sistema', 48.99, 'Memoria RAM', 'V7', 0, 15),
(48, 'G.Skill Aegis DDR4 2133 PC4-17000 4GB CL15', 'Te presentamos en PcComponentes la Gama AEGIS de G.Skill. Una gama diseñada para eliminar el LAG y tener una fluidez de juego mucho mayor en tu PC. Disfruta de su impuso instantáneo en el rendimiento y la estabilidad desde el primer arranque.', 31, 'Memoria RAM', 'G.Skill', 0, 15),
(49, 'Kingston HyperX Fury DDR4 2400 PC4-19200 16GB 2X8GB CL15', 'Te presentamos la revolución en las memorias para PC. La Kingston HyperX Fury DDR4 ha sido diseñada para ofrecer un rendimiento superior a lo establecido. Disfruta de toda la potencia y saca el mayor partido a tu procesador y gráfica con la serie Fury de Kingston. Con el lanzamiento del procesador Intel Skylake y los chipsets de serie 100, HyperX se complace en anunciar que todas sus unidades HyperX FURY DDR4 y HyperX Predator DDR4 son compatibles con Skylake.', 131, 'Memoria RAM', 'Kingston', 0, 15),
(50, 'Corsair Vengeance LPX DDR4 2400 PC4-19200 8GB CL16', 'La memoria Vengeance LPX se ha diseñado para overclocking de alto rendimiento. El disipador de calor, fabricado en aluminio puro, permite una disipación térmica más rápida; la placa impresa de ocho capas administra el calor y proporciona una capacidad superior para incrementar el overclocking. Cada circuito integrado está seleccionado individualmente para el máximo potencial de rendimiento. El formato DDR4 está optimizado para las placas base Intel de la serie X99/100 Series más recientes y ofrece frecuencias más elevadas, mayor ancho de banda y menor consumo energético que los módulos DDR3. Se ha verificado la compatibilidad de los módulos Vengeance LPX DDR4 para toda las placas base de la serie X99/100 Series, lo que asegura un rendimiento rápido y fiable. Compatibilidad con XMP 2.0 para un overclocking automático sin problemas. Y están disponibles en distintos colores para combinar con su placa base, sus componentes, o sencillamente con su estilo personal.\r\n', 59.99, 'Memoria RAM', 'Corsair', 0, 15),
(51, 'Memoria RAM Crucial DDR4 2400 PC4-19200 4GB CL17', 'Existe una solución fácil para un ordenador lento: más memoria. Diseñada para ayudar a que tu sistema se ejecute más rápido y más suave, utilizar la memoria del equipo de sobremesa de Crucial es uno de los modos más fáciles y más rentables de mejorar el rendimiento de tu sistema. Carga los programas con mayor rapidez. Incremente la capacidad de respuesta. Ejecuta aplicaciones intensivas de datos con facilidad e incrementa las capacidades multitarea de tu equipo de sobremesa', 31, 'Memoria RAM', 'Crucial', 0, 15),
(52, 'G.Skill Ripjaws V Red DDR4 2400 PC4-19200 8GB 2x4GB CL15\r\n', 'Este kit de memoria es el sistema ideal que proporciona la transferencia de datos más rápida y una mayor eficiencia energética que nunca. Además, la función de overclocking automático ofrece un aumento de rendimiento inmediato y sin ningún ajuste manual a la configuración de la BIOS. Experimenta un nuevo estándar de velocidad con Ripjaws DDR4 ', 64.99, 'Memoria RAM', 'G.Skill', 0, 15),
(53, 'G.Skill Ripjaws SO-DIMM DDR4 2133 PC4-17000 8GB CL15', 'Este kit de memoria es el sistema ideal que proporciona la transferencia de datos más rápida y una mayor eficiencia energética que nunca. Además, la función de overclocking automático ofrece un aumento de rendimiento inmediato y sin ningún ajuste manual a la configuración de la BIOS. Experimenta un nuevo estándar de velocidad con Ripjaws DDR4 SO-DIMM.', 59.99, 'Memoria RAM', 'G.Skill', 0, 15),
(54, 'Kingston HyperX Predator DDR4 3000 PC4-24000 16GB 2x8GB CL15', 'Te presentamos la memoria HyperX Predator DDR4 3000 PC4-24000 16GB 2x8GB CL15 de Kingston. Diseñada para ser invencible, la memoria HyperX® Predator DDR4 cuenta con un feroz y nuevo diseño del disipador térmico en aluminio negro para ofrecer una mayor disipación de calor y una óptima fiabilidad. El disipador térmico y la placa de circuito impreso complementan la apariencia y el diseño de lo último en hardware para PC para que puedas dominar el estilo HyperX.\r\n\r\nPredator DDR4 ofrece velocidades de vértigo de hasta 3333 MHz junto con bajas latencias de CL15–CL16 para un rendimiento DDR4 extremo, que permiten una alta capacidad de respuesta de multitareas y un sistema más rápido en términos generales. Se completa con procesadores Intel de 6 y 8 núcleos para una edición de vídeo, renderizado 3D y procesamiento de Io más rápidos, y para mantenerte a la cabeza de los juegos. Está disponible en módulos con capacidades de 4 a 16 GB y en juegos de canal doble y cuádruple de 8 a 64 GB; estos juegos se prueban rigurosamente para garantizar el rendimiento y la compatibilidad.\r\n\r\nLos perfiles Intel XMP de Predator DDR4 están optimizados para placas base X99, chipset de la serie 100 de Intel y procesadores Intel Core i7 HEDT para ofrecer compatibilidad y el mayor rendimiento. Los perfiles XMP se ajustan a mano para que los usuarios puedan hacer overclock fácilmente en sus plataformas y lograr frecuencias de rendimiento más altas. Basta con seleccionar un perfil, no es necesario realizar ajustes manuales de tiempos en la BIOS.\r\n\r\nLa solución HyperX Predator DDR4 se mantiene fría incluso en una partida a muerte y aprovecha todas las ventajas de la eficiencia energética que ofrecen las memorias DDR4 en cuanto a reducción del consumo en comparación con las DDR3. Menos consumo energético significa menos calor y mayor fiabilidad. La solución HyperX Predator DDR4 se ha probado al 100 % en fábrica a elevadas velocidades y cuenta con una asistencia técnica gratuita y una fiabilidad legendaria.', 146, 'Memoria RAM', 'Kingston', 0, 15),
(55, 'Kingston HyperX Predator DDR4 3000 PC4-24000 8GB 1x8GB CL15', 'Te presentamos la memoria HyperX Predator DDR4 3000 PC4-24000 8GB 1x8GB CL15 de Kingston. Diseñada para ser invencible, la memoria HyperX® Predator DDR4 cuenta con un feroz y nuevo diseño del disipador térmico en aluminio negro para ofrecer una mayor disipación de calor y una óptima fiabilidad. El disipador térmico y la placa de circuito impreso complementan la apariencia y el diseño de lo último en hardware para PC para que puedas dominar el estilo HyperX.\r\n\r\nObtén para tu sistema AMD o Intel el rendimiento necesario para estar en lo más alto de la cadena alimentaria con la HyperX Predator DDR4. Combate el calor e infunde miedo en el corazón de tus rivales con el agresivo, negro y elegante difusor de calor de la Predator DDR4. Incrementa los fotogramas por segundo, mantén fluida la difusión de las secuencias y resalta la edición de carretes con velocidades de hasta 4000 MHz junto con unos tiempos de CL12–CL19 rápidos.\r\n\r\nSe encuentra disponible en módulos individuales de capacidades de 8 GB–16 GB y kits de 2, 4 y 8 con capacidades de 8 GB–128 GB. Los perfiles de Intel compatibles con XMP se han optimizado para los últimos chipsets de Intel, solo tienes que seleccionar el perfil y estarás listo para empezar. Probada al 100 % en fábrica a elevadas velocidades mediante una garantía de por vida, la fiable Predator DDR4 te ofrece lo mejor de ambos mundos: rendimiento extremo y máxima tranquilidad.', 67.5, 'Memoria RAM', 'Kingston ', 0, 15),
(56, 'Memoria Ram Kingston HyperX Fury Black DDR4 3200MHZ 8GB CL18', 'HyperX® FURY DDR4 detecta los componentes de tu sistema y se realiza automáticamente el overclocking a la frecuencia publicada más alta, hasta 3466 MHz, para lograr un aumento del rendimiento Plug & Play. Esta rentable actualización te permitirá aumentar la configuración de tus favoritos de FPS, MMO y MOBA, así como disfrutar de un mejor rendimiento de renderización y edición de vídeos. Está disponible en velocidades de entre 2400 MHz y 3466 MHz, latencias de CL15 a CL19, y capacidades de módulo único de 4 GB a 16 GB, y capacidades en kit de 16 GB a 64 GB. HyperX FURY DDR4 se encuentra y permanece fría gracias a su disipador de calor elegante y de bajo perfil y el bajo consumo energético de 1,2 V de la memoria DDR4. Probada al 100 % a elevadas velocidades y respaldada por una garantía de por vida, la memoria HyperX FURY DDR4 es tu opción de actualización sin preocupaciones.\r\n\r\n* La memoria HyperX PnP funcionará con casi todos los sistemas DDR4 hasta la velocidad que permita la BIOS del sistema del fabricante. PnP no puede aumentar la velocidad de memoria del sistema más allá de lo que permite el BIOS del fabricante.', 70, 'Memoria RAM', 'Kingston', 0, 15),
(57, 'Kingston HyperX Fury Blue DDR3 1600 PC3-12800 4GB CL10', 'Máxima potencia y rendimiento asegurado.', 27.5, 'Memoria RAM', 'Kingston', 0, 15),
(58, 'Crucial Ballistix Sport LT Red DDR4 2400Mhz PC4-19200 4GB CL16', 'Te presentamos la Crucial Sport LT Red, una memoria DDR4 con 4GB y una latencia de CL16', 31.99, 'Memoria RAM', 'Crucial', 0, 15),
(59, 'Crucial Ballistix Tactical Tracer DDR4 2666 PC4-21300 16GB CL16', 'El rendimiento no es suficiente si quieres personalizar tu plataforma de juego: tu sistema debe destacarse cuando estás aplastando oponentes. Juegue a altas velocidades mientras enciende los módulos de memoria de juego Ballistix Tactical Tracer RGB DDR4 que combinan con la combinación de colores de su sistema con LED RGB y ofrecen todas las características de la serie Ballistix Tactical como perfiles XMP, elegante PCB negro y difusores de calor personalizados.', 199, 'Memoria RAM', 'Crucial', 0, 15),
(60, 'Transcend JetRam DDR4 2400 4GB CL17', 'Los módulos de memoria JetRam de Transcend están fabricados con chips DRAM que han superado el estricto proceso de selección de Transcend y rigurosas pruebas ambientales. Los módulos proporcionan una excelente compatibilidad y fiabilidad totalmente probada, que es ideal para la actualización de PC a un precio atractivo. Cada módulo de memoria tiene una capacidad de 2400MHz. Operando a un voltaje nominal de tan solo 1.2V, la memoria DDR4 U-DIMM JetRam de Transcend asegura que los módulos DDR3 ofrezcan 1.5V.', 29, 'Memoria RAM', 'Transcend ', 0, 15),
(61, 'Kingston A400 SSD 240GB', 'La unidad A400 de estado sólido de Kingston ofrece enormes mejoras en la velocidad de respuesta, sin actualizaciones adicionales del hardware. Brinda lapsos de arranque, carga y de transferencia de archivos increíblemente más breves en comparación con las unidades de disco duro mecánico.\r\n\r\nApoyada en su controlador de la más reciente generación, que ofrece velocidades de lectura y escritura de hasta 500 MB/s y 450 MB/s, respectivamente, esta unidad SSD es 10 veces más rápida que los discos duros tradicionales y provee un mejor rendimiento, velocidad de respuesta ultrarrápida en el procesamiento multitareas y una aceleración general del sistema. Además son más fiables y duraderas que las unidades de disco duro, y están disponibles en varias capacidades que van de 120 GB hasta 480 GB', 34.99, 'Discos duros', 'Kingston', 0, 15),
(62, 'Toshiba OCZ TR200 SSD 240GB SATA3', 'Actualizar desde una unidad de disco duro (HDD) debería ser fácil y asequible y es ahí donde entran las SSD OCZ TR200. Diseñada para aumentar la velocidad de su computadora portátil o PC en discos duros convencionales, la Serie TR200 aprovecha la avanzada tecnología 3D BiCS FLASH ™ de 64 capas de Toshiba , para ofrecer un rendimiento equilibrado, fiabilidad y valor que transformará su sistema móvil o de escritorio.\r\n\r\nCon una estructura celular de 64 capas apiladas verticalmente, la tecnología Toshiba BiCS FLASH permite una mayor capacidad, resistencia, rendimiento y eficiencia en el mismo espacio, ofreciendo una experiencia de almacenamiento de última generación.\r\n\r\nMejore su productividad con la serie TR200 y disfrute de arranques más rápidos, transferencias de archivos y capacidad de respuesta del sistema. Despídase del retraso de la unidad de disco duro y obtenga una experiencia informática digna de su tiempo.\r\n\r\nEn comparación con las unidades de disco duro, las unidades Toshiba OCZ TR200 SSD también ofrecen mayor durabilidad y menos consumo de energía, lo que se traduce en una mayor duración de la batería para mantenerlo en funcionamiento más tiempo.', 42.99, 'Discos duros', 'Toshiba', 0, 15),
(63, 'Samsung 860 EVO Basic SSD 500GB SATA3', 'Descubra la nueva edición de la gama Samsung SATA SSD, la gama Samsung 860 EVO. Especialmente diseñadas para el uso diario de PC, con tecnología V-NAND y un controlador robusto basado en algoritmos, estas SSD rápidas y confiables están disponibles en una variedad de formatos y capacidades. El 860 EVO ofrece el mejor rendimiento de lectura y escritura, incluso en multitareas. El 860 EVO puede entregar velocidades de escritura de hasta 520 MB/s con tecnología inteligente TurboWrite, y velocidades de lectura de hasta 550 MB/s.\r\n\r\nAlmacene su información de forma segura y reproduzca videos 4k y datos 3D con facilidad. Con hasta 8 veces más TBW que los 850 EVO anteriores, el 860 EVO ofrece mayor resistencia y confiabilidad con una garantía de 5 años. La última tecnología V-NAND le ofrece hasta 2.400 TBW. Obtenga una comunicación más rápida y fluida con su sistema host. El algoritmo ECC y el nuevo controlador MJX generan velocidades más altas y mejoran la compatibilidad con Linux.', 83.99, 'Discos duros', 'Samsung', 0, 15),
(64, 'Crucial MX500 SSD 500GB SATA', 'Cada vez que enciende su ordenador, está utilizando su disco de almacenamiento. Conserva todos sus archivos irremplazables y carga y guarda casi todo lo que haga su sistema. Únase a un grupo cada vez mayor de personas que conservan sus vídeos familiares, fotos de viajes, música y documentos importantes en un SSD, y obtenga el rendimiento casi instantáneo y la fiabilidad duradera que brinda el almacenamiento de estado sólido. Actualícese con el Crucial MX500 SSD, un disco basado en la calidad, la velocidad y la seguridad respaldadas por un servicio y soporte de utilidad. Aunque nunca haya instalado un SSD, no se preocupe: nuestra guía paso a paso lo acompañará a través del proceso para facilitarle la instalación. Merece la pena.', 78.99, 'Discos duros', 'Crucial', 0, 15),
(65, 'Samsung SSD 970 EVO PCI-E NVMe M.2 500 GB', 'Acelerar en la próxima generación de informática. El Samsung 970 EVO ofrece velocidades revolucionarias, la mejor confiabilidad de su clase y una amplia gama de opciones de capacidad de hasta 2TB *. El último V-NAND, el nuevo controlador Phoenix y la tecnología Intelligent TurboWrite mejoran los juegos de alta gama y la edición gráfica 4K y 3D.', 124.99, 'Discos duros', 'Samsung', 0, 15),
(66, 'Seagate BarraCuda 3.5\" 2TB SATA 3', 'Impresionante versatilidad. Fiabilidad inigualable. Seagate incorpora más de 20 años de rendimiento y fiabilidad dignos de confianza a las unidades de disco duro Seagate® BarraCuda® de 3,5 pulgadas. ahora disponibles en diferentes capacidades.', 67.71, 'Discos duros', 'Seagate', 0, 15),
(67, 'Disco Duro Externo Toshiba Canvio Basics 2.5\" 1TB USB 3.0', 'Transfiere archivos rápidamente con la tecnología SuperSpeed USB 3.0 y almacena hasta 3 TB de datos en tu disco duro externo Canvio Basics. Este dispositivo está listo para usarlo en sistemas con Microsoft Windows y no requiere la instalación de ningún software, por lo que almacenar todos tus archivos favoritos es más fácil que nunca. Su diseño atemporal con acabado mate le\r\nproporciona un aspecto increíble tanto en tu escritorio como en cualquier otro lugar. Además, este disco duro se puede conectar a hardware antiguo gracias a la compatibilidad con USB 2.0.', 57.99, 'Discos duros', 'Toshiba ', 0, 15),
(68, 'Crucial BX500 SSD 480GB 3D NAND SATA3', 'La manera más sencilla de obtener toda la velocidad de una nueva computadora sin el precio.\r\n\r\n¿Alguna vez se ha preguntado por qué su teléfono responde más rápidamente que su computadora? Es porque su teléfono funciona con una memoria flash. Agregue flash a su computadora portátil o de escritorio con la unidad de estado sólido Crucial® BX500, la manera más sencilla de obtener toda la velocidad de una computadora nueva sin el precio. Acelere todo', 59.99, 'Discos duros', 'Crucial', 0, 15),
(69, 'WD Blue 1TB 3.5\" SATA3', 'Fabricado según los más altos estándares de calidad y fiabilidad de WD, WD Blue ofrece prestaciones y capacidades de nivel básico ideales para sus necesidades de informática. WD Blue está diseñado por la marca en que confía con la calidad que esperaría de una solución de almacenamiento probada para su uso diario.', 46.59, 'Discos duros', 'WD', 0, 15),
(70, 'SSD Crucial MX500 M.2 2280 500GB', 'Cada vez que enciende su ordenador, usted está usando su unidad de almacenamiento. Ella guarda todos sus archivos irreemplazables y carga y guarda casi todo lo que su sistema hace. Únase al grupo creciente de personas que guardan sus videos familiares, fotos de viaje, música y documentos importantes en una SSD, y obtenga un desempeño casi instantáneo y la confiabilidad acompañada de una unidad de estado sólido. Actualice su sistema con la SSD Crucial MX500, una unidad de estado sólido construida sobre una base de calidad, velocidad y seguridad respaldada por un soporte y ayuda serviciales.', 75.99, 'Discos duros', 'Crucial', 0, 15),
(71, 'Samsung 860 EVO Basic SSD 1TB SATA3', 'Descubra la nueva edición de la gama Samsung SATA SSD, la gama Samsung 860 EVO. Especialmente diseñadas para el uso diario de PC, con tecnología V-NAND y un controlador robusto basado en algoritmos, estas SSD rápidas y confiables están disponibles en una variedad de formatos y capacidades. El 860 EVO ofrece el mejor rendimiento de lectura y escritura, incluso en multitareas. El 860 EVO puede entregar velocidades de escritura de hasta 520 MB/s con tecnología inteligente TurboWrite, y velocidades de lectura de hasta 550 MB/s.\r\n\r\nAlmacene su información de forma segura y reproduzca videos 4k y datos 3D con facilidad. Con hasta 8 veces más TBW que los 850 EVO anteriores, el 860 EVO ofrece mayor resistencia y confiabilidad con una garantía de 5 años. La última tecnología V-NAND le ofrece hasta 2.400 TBW. Obtenga una comunicación más rápida y fluida con su sistema host. El algoritmo ECC y el nuevo controlador MJX generan velocidades más altas y mejoran la compatibilidad con Linux.', 149.99, 'Discos duros', 'Samsung ', 0, 15),
(72, 'Seagate BarraCuda 3.5\" 4TB SATA3', 'Versátiles. Rápidos. Fiables. La unidad de disco duro más increíble que haya conocido. BarraCuda lidera la industria con las capacidades más altas para ordenadores de sobremesa y portátiles.', 104.74, 'Discos duros', 'Seagate', 0, 15),
(73, 'Crucial MX500 SSD 250GB SATA', 'Cada vez que enciende su ordenador, está utilizando su disco de almacenamiento. Conserva todos sus archivos irremplazables y carga y guarda casi todo lo que haga su sistema. Únase a un grupo cada vez mayor de personas que conservan sus vídeos familiares, fotos de viajes, música y documentos importantes en un SSD, y obtenga el rendimiento casi instantáneo y la fiabilidad duradera que brinda el almacenamiento de estado sólido. Actualícese con el Crucial MX500 SSD, un disco basado en la calidad, la velocidad y la seguridad respaldadas por un servicio y soporte de utilidad. Aunque nunca haya instalado un SSD, no se preocupe: nuestra guía paso a paso lo acompañará a través del proceso para facilitarle la instalación. Merece la pena.', 46.98, 'Discos duros', 'Crucial', 0, 15),
(74, 'Crucial MX500 SSD 1000GB SATA', 'Cada vez que enciende su ordenador, está utilizando su disco de almacenamiento. Conserva todos sus archivos irremplazables y carga y guarda casi todo lo que haga su sistema. Únase a un grupo cada vez mayor de personas que conservan sus vídeos familiares, fotos de viajes, música y documentos importantes en un SSD, y obtenga el rendimiento casi instantáneo y la fiabilidad duradera que brinda el almacenamiento de estado sólido. Actualícese con el Crucial MX500 SSD, un disco basado en la calidad, la velocidad y la seguridad respaldadas por un servicio y soporte de utilidad. Aunque nunca haya instalado un SSD, no se preocupe: nuestra guía paso a paso lo acompañará a través del proceso para facilitarle la instalación. Merece la pena.', 128.99, 'Discos duros', 'Crucial', 0, 15),
(75, 'Toshiba P300 3.5\" 2 TB 7200RPM SATA', 'El disco duro interno P300 de 3,5\" de Toshiba ofrece un alto rendimiento para profesionales. Gracias a su dual-stage actuator, proporciona una experiencia informática sencilla y eficiente. Lo que es más, tus datos e información multimedia están protegidos mediante un diseño de ramp loading y un sensor de golpes. El P300 está disponible con una capacidad de hasta 3 TB.', 66.59, 'Discos duros', 'Toshiba ', 0, 15),
(76, 'WD Blue 2TB 3.5\" SATA 3', 'Una gama de discos duros con unas características de primer nivel, disfruta de altas velocidades de lectura y escritura y capacidades de almacenamiento que te ayudarán en tu dia a dia con tu ordenador.', 70.59, 'Discos duros', 'WD', 0, 15),
(77, 'Crucial BX500 SSD 240GB 3D NAND SATA3', 'La manera más sencilla de obtener toda la velocidad de una nueva computadora sin el precio.\r\n\r\n¿Alguna vez se ha preguntado por qué su teléfono responde más rápidamente que su computadora? Es porque su teléfono funciona con una memoria flash. Agregue flash a su computadora portátil o de escritorio con la unidad de estado sólido Crucial® BX500, la manera más sencilla de obtener toda la velocidad de una computadora nueva sin el precio. Acelere todo.', 46.99, 'Discos duros', 'Crucial', 0, 15),
(78, 'WD Green 3D SSD M.2 240GB SATA3', 'Los SSD WD Green mejoran la experiencia informática del día a día en su ordenador de sobremesa o portátil para un rendimiento rápido y obtener una gran fiabilidad. Con el aumento de rendimiento de un WD Green SATA SSD, puede navegar por la web, jugar un juego o simplemente iniciar su sistema en un instante. Las SSD WD Green se encuentran entre las unidades de menor consumo de energía de la industria. Y con menos energía utilizada, su computadora portátil funciona más tiempo.', 40.99, 'Discos duros', 'WD', 0, 15);
INSERT INTO `producto` (`id`, `nombre`, `descripcion`, `precio`, `categoria`, `fabricante`, `destacado`, `unidades`) VALUES
(79, 'Kingston SSDNow A1000 240GB M.2 NVMe', 'Las unidades de estado sólido A1000 de Kingston son una solución básica de NVMe™ PCIe con un diseño M.2 de una cara de 22 x 80 mm. Su diseño es ideal para los portátiles más delgados y para sistemas con espacio limitado. Gracias a la interfaz NVMe™ PCIE Gen 3.0 x2, su controlador Phison E8 de 3 canales y su memoria Flash NAND 3D, esta unidad alcanza velocidades de lectura y escritura de hasta 1.500 MB/s y 1.000 MB/s1, respectivamente. Son el doble de rápidas que las SSD basadas en SATA, y 20 veces más rápidas que las unidades de disco duro convencionales. Se caracterizan por su excepcional capacidad de respuesta, su latencia ultrabaja y su rendimiento.\r\n\r\nAdemás de ser más able y duradera que un disco duro, la A1000 incorpora una memoria de semiconductor Flash NAND. No incluye piezas móviles, por lo cual las probabilidades de avería son menores que los de una unidad mecánica. Por otra parte, la ausencia de estas piezas permite un funcionamiento más silencioso sin acumulación de temperatura. Su resistencia a sacudones y vibraciones las hace ideales para portátiles y otros dispositivos informáticos móviles.\r\n\r\nLas unidades A1000 se presentan con múltiples capacidades, desde 240 GB hasta 960 GB2, para ofrecerle todo el espacio que necesita para aplicaciones, vídeos, fotos y otros archivos importantes. Además, podrá sustituir su disco duro o una SSD más pequeña por una unidad lo bastante grande como para que quepan todos sus archivos.', 53.99, 'Discos duros', 'Kingston', 0, 15),
(80, 'Seagate IronWolf NAS 8TB SATA3', 'Para todo NAS nace IronWolf o IronWolf Pro de Seagate. Siempre encendido y siempre en funcionamiento, IronWolf está reforzado con la tecnología AgileArray™, que ofrece fiabilidad óptima y agilidad al sistema. La tecnología para múltiples usuarios y los índices de carga de trabajo extremos le permiten a IronWolf llevar a cabo su labor y complementar la expansión de su empresa.', 246.53, 'Discos duros', 'Seagate', 0, 15),
(81, 'Gigabyte B450M DS3H', 'Las placas base GIGABYTE serie 400 maximizan el potencial de su PC con la tecnología AMD StoreMI. StoreMI acelera los dispositivos de almacenamiento tradicionales para reducir los tiempos de arranque y mejorar la experiencia general del usuario. Esta utilidad fácil de usar combina la velocidad de las SSD con la alta capacidad de las unidades de disco duro en una sola unidad, mejora las velocidades de lectura / escritura del dispositivo para que coincida con las SSD, aumenta el rendimiento de los datos a un valor increíble y transforma las PC de uso cotidiano a un sistema impulsado por el rendimiento.\r\n\r\nAdemás, cuenta con Smart Fan 5, con esta refrigeración los usuarios pueden asegurarse de que su PC gaming puede mantener un rendimiento estable mientras se mantiene refrigerado. Smart Fan 5 permite a los usuarios intercambiar sus conectores para los ventiladores para reflejar diferentes sensores térmicos en diferentes ubicaciones de la placa base. Además con Smart Fan 5 los conectores híbridos para el ventilador soportan ventiladores PWM y de voltaje, esto hace que la placa base este más adaptada a montar refrigeración líquida.', 69.99, 'Placas base', 'Gigabyte', 0, 15),
(82, 'Asus PRIME B360M-A', 'Las placa base de la serie ASUS Prime 300 proporcionan una sólida base para montar tu primer equipo y la flexibilidad necesaria para cuando tus ambiciones vayan a más. Esta serie de placas base completa todo lo bueno ofrece la 8ª generación de procesadores Intel® Core™ con tecnologías exclusivas de ASUS que incluyen ajustes automáticos del sistema, controles avanzados de refrigeración y sonido integrado inmersivo. Monta tu equipo de forma sencilla e inteligente con la serie ASUS Prime 300.\r\n\r\nASUS OptiMem preserva la integridad de las señales de memoria emplazando las pistas en la capa más indicada del PCB. El diseño ASUS T-Topology transmite las señales de forma alineada y equilibra la distancia entre las ranuras de memoria. De esta forma, la serie de placas base Prime 300 soporta un número mayor de kits de memoria y ofrecen la estabilidad necesaria para acometer cualquier carga de trabajo intensiva o disfrutar de los últimos juegos.', 65.99, 'Placas base', 'Asus', 0, 200),
(83, 'Asus PRIME B450M-A', 'Las placas base ASUS Prime B450 Series proporcionan la base sólida necesaria para su primera construcción, además de la flexibilidad para crecer con sus ambiciones. Hemos fusionado todo lo bueno que se empaqueta en los procesadores AMD Ryzen con el diseño e ingeniería esencial de ASUS, por lo que se beneficia de las tecnologías líderes en la industria, que incluyen el ajuste automático del sistema, controles integrales de refrigeración y audio inmersivo integrado. Cuando construye con una placa madre, desarrolla de forma inteligente, fácil y asequible.\r\n\r\nLa serie Prime B450 presenta los controles de refrigeración más completos jamás configurados mediante el software ASUS Fan Xpert o el BIOS UEFI. Con una variedad de ajustes de que mejoran la estabilidad de la memoria, la Serie PRIME B450 proporciona una base potente para su construcción. Con soporte integral para la gama completa de configuraciones de memoria Ryzen, desde el nivel de entrada hasta el rendimiento, la PRIME B450 Series es versátil.\r\n\r\nVelocidad máxima de 10 Gbps con USB 3.1 Gen 2 a bordo. Con USB 3.1 Gen 2 Type-A ™ compatible con versiones anteriores, experimentará la máxima flexibilidad de conexión y velocidades de transferencia de datos de hasta 10 Gbps, el doble de rápido que el USB 3.1 Gen 1 estándar.\r\n\r\nUSB 3.1 Gen 1 está justo donde lo necesita, con cuatro encabezados de supervelocidad para el panel frontal. Experimenta velocidades de transferencia de datos hasta 10 veces más rápidas que USB 2.0 con conectividad instantánea plug-and-play, y evita contorsiones de última hora en la búsqueda de puertos traseros difíciles de alcanzar.', 65.99, 'Placas base', 'Asus', 0, 15),
(84, 'Asus Prime Z370-P II', 'La serie ASUS Prime Z370 proporcionan una sólida base para montar tu primer equipo y cantidad de funciones para cuando tus ambiciones vayan a más. Esta serie de placas base aprovecha las nuevas funciones de los procesadores de 8ª gen. de Intel con tecnologías de vanguardia de ASUS como el overclocking automático del sistema, controles avanzados de refrigeración, sonido integrado inmersivo y soporte para la tarjeta ASUS Fan Extension. Monta tu equipo de forma sencilla e inteligente con ASUS Prime Z370.\r\n\r\n', 129.99, 'Placas base', 'Asus', 0, 15),
(85, 'Asus Prime A320M-K', 'ASUS Prime es la próxima evolución de la placa madre ASUS, nacida de un pedigrí que se remonta a 1989. Nuestro equipo de ingenieros de clase mundial son apasionados de empoderar a todos para disfrutar de los beneficios de la personalización y afinación y la fuerza motriz detrás del desarrollo dePrime es hacer que los controles avanzados de los entusiastas sean fácilmente accesibles, maximizando el rendimiento, la estabilidad y la compatibilidad para las mejores experiencias de la PC DIY.En pocas palabras: es hora de Prime.', 56.99, 'Placas base', 'Asus', 0, 15),
(86, 'Gigabyte B450 AORUS M', 'AMD presenta los últimos procesadores de la serie Ryzen ™ 2000 para proporcionar la potencia de cómputo necesaria para los juegos. Las placas base de la serie 400 de GIGABYTE se ajustan perfectamente al rendimiento informático de los procesadores de la serie AMD Ryzen ™ 2000 con más funciones y más control. Los usuarios pueden disfrutar los beneficios traídos por los procesadores de la serie AMD Ryzen ™ 2000.\r\n\r\nHíbridos digitales híbridos PWM + RDS más bajos (activados): Las placas madre AORUS serie 400 utilizan diseño híbrido PWM digital + RDS inferior (activado) MOSFET para admitir los procesadores AMD Ryzen ™ de segunda generación ofreciendo una precisión increíble para desarrollar la potencia de los componentes más sensibles y sensibles a la energía de la placa base. rendimiento del sistema y escalabilidad de hardware máxima.\r\n\r\nGIGABYTE Ultra-Efficient M.2 Thermal Guard: Con la durabilidad en mente, GIGABYTE proporciona una solución térmica para unidades M.2: Thermal Guard. La protección térmica M.2 evita el estrangulamiento y los cuellos de botella de los dispositivos M.2, ya que ayuda a reducir y disipar el calor antes de que se convierta en un problema.', 87.99, 'Placas base', 'Gigabyte', 0, 15),
(87, 'Placa Base MSI X470 Gaming Plus', 'PERSONALIZA TU EQUIPO GAMING: Personaliza tu PC con 16.8 millones de colores y hasta 17 efectos LED gracias a Mystic Light RGB. Controla todo desde un clic desde Mystic Light APP o desde tu dispositivo móvil. Conectores de 8 + 4 pines que brindan a la fuente de alimentación la adecuada para la CPU de núcleo múltiple, liberan el máximo rendimiento con la más confiable placa base para la mejor experiencia de juego y el overclocking extremo.\r\n\r\nADÉNTRATE EN LOS MUNDOS VIRTUALES: La integración de las mejores tecnologías de vanguardia en hardware MSI proporciona una Realidad mixta fluida, Realidad aumentada y paseo de Realidad Virtual. A través de esfuerzos conjuntos con las principales marcas de realidad virtual, combinado con características únicas de MSI para optimizar el VR, MSI ofrece a los jugadores y profesionales una experiencia única y realista en la que el contenido realmente cobra vida.\r\n\r\nCORE BOOST: La tecnología Core Boost combina el diseño premium de MSI y el diseño de potencia digital completo que permite una corriente más rápida y sin distorsión. No solo es compatible con CPUs multinúcleo, sino que también crea las condiciones perfectas para su overclocking de CPU.', 139.99, 'Placas base', 'MSI', 0, 2000),
(88, 'MSI B450M Bazooka V2', 'La tecnología Core Boost combina el diseño premium de MSI y el diseño optimizado de energía que el diseño optimizado de energía permite sacar el máximo partido de tu procesador, además de realizar un overclocking más elevado. Personaliza tu PC con hasta siete colores y siete efectos gracias a Mystic Light RGB LED. Controlado en un solo clic con la aplicación Mystic Light o desde un dispositivo móvil.\r\n\r\nAl igual que una tarjeta de sonido dedicada Audio Boost, ofrece un procesador de audio HD, un amplificador dedicado y condensadores de audio de alta calidad, todos físicamente aislados del resto de los circuitos de la placa base para garantizar la señal de audio más pura para localizar enemigos con máxima precisión.\r\n\r\nDisfruta de un sistema de arranque extremadamente rápido y de una carga increíblemente rápida de aplicaciones y datos. Entregando velocidades de hasta 32 Gb/s por ¡dispositivo que usa Gen3 x4, Turbo M.2 es 5 veces más rápido que una conexión regular SATA III!', 86.99, 'Placas base', 'MSI', 0, 15),
(89, 'MSI B450 Tomahawk', 'Inspirada en equipos militares, la placa base MSI B450 TOMAHAWK está construido con materiales fuertes y resistentes para conquistar cualquier campo de batalla. Equipado con características exclusivas de MSI para gamers, B450 TOMAHAWK está listo para dominar el juego.\r\n\r\nAl igual que una tarjeta de sonido dedicada, Audio Boost, ofrece un procesador de audio HD, un amplificador dedicado y condensadores de audio de alta calidad, todos aislados físicamente del resto de los circuitos de la placa base para garantizar la señal de audio más pura para localizar a los enemigos con precisión.\r\n\r\nIntegrando las tecnología innovadoras en hardware de MSI proporcionando una suave experiencia virtual Junto al esfuerzo con marcas VR, combinando las características únicas de MSI para optimizar el VR, MSI otorga a los gamers y profesionales una vivida y realista experiencia.', 114.99, 'Placas base', 'MSI', 0, 15),
(90, 'MSI B450M PRO-M2', 'Las placas base de MSI permiten maximizar el rendimiento de la memoria y por lo tanto, acelerar tu sistema, incrementar la capacidad de overclocking y una mayor estabilidad. Los trazados optimizados y un circuito de memoria totalmente aislado garantizan una estabilidad y un rendimiento perfectos, por lo que nunca tendrás que preocuparst de que tu sistema se cuelgue durante tus sesiones de juego.\r\n\r\nDisfruta de un sistema de arranque extremadamente rápido y de una carga increíblemente rápida de aplicaciones y datos. Proporcionando velocidades de hasta 32 Gb/s por ¡un dispositivo que usa Gen3 x4, Turbo M.2 es 5 veces más rápido que una conexión regular SATA III!', 73.99, 'Placas base', 'MSI', 0, 15),
(91, 'MSI H310M PRO-VDH', 'La tecnología Core Boost combina el diseño premium de MSI y el diseño optimizado de energía que permite una corriente más rápida y sin distorsión entrega a la CPU en precisión. No solo es compatible con CPUs multinúcleo, sino que también crea las condiciones perfectas para tu overclocking de CPU.\r\n\r\nLas placas base MSI están llenas de características para alimentar la memoria de tu sistema con más velocidad, mayor capacidad de overclocking y mayor estabilidad.\r\n\r\nCuando está habilitado, X-Boost optimiza tus dispositivos para velocidades de transferencia aún mejores, ahorrando mucho tiempo al transferir datos. Esta práctica herramienta es muy fácil de usar y detecta automáticamente optimiza los dispositivos USB conectados a tu sistema.', 54.99, 'Placas base', 'MSI', 0, 15),
(92, 'Gigabyte B450 AORUS Pro', 'AMD presenta los últimos procesadores de la serie Ryzen 2000 para proporcionar la potencia de procesamiento para las necesidades de juego. Las placas base de la serie 400 de GIGABYTE se ajustan perfectamente a los últimos procesadores de la serie AMD Ryzen 2000 con más características y más control. Los usuarios pueden disfrutar de los beneficios que ofrecen los procesadores de la serie AMD Ryzen 2000.\r\n\r\nPlaca madre AMD B450 AORUS con PWM digital híbrido, protectores térmicos duales Dual M.2, audio ALC1220-VB, LAN Intel GbE con cFosSpeed, CEC 2019 ready. Compatible con Ryzen ™ / Ryzen ™ de 2da generación de AMD con Radeon ™ Vega Graphics / Procesadores Ryzen ™ de 1ra generación.', 114.99, 'Placas base', 'Gigabyte', 0, 15),
(93, 'MSI Z390-A PRO', 'La placa gaming MSI Z390-A PRO tiene socket Intel 1151 y soporta procesadores Intel de 8ª y 9ª generación. Supports 9th/ 8th Gen Intel Core / Pentium Gold / Celeron processors for LGA 1151 socket. Intel Z390 Chipset.\r\n\r\nSupports DDR4 4400(OC)/ 4300(OC)/ 4266(OC)/ 4200(OC)/ 4133(OC)/ 4000(OC)/ 3866(OC)/ 3733(OC)/ 3600(OC)/ 3466(OC)/ 3400(OC)/ 3333(OC)/ 3300(OC)/ 3200(OC)/ 3000(OC) / 2800(OC)/ 2666/ 2400/ 2133 MHz.', 89.99, 'Placas base', 'MSI', 0, 15),
(94, 'Gigabyte Z390 Aorus Pro', 'La nueva placa base Gigabyte, Z390 Aorus Pro, que soporta procesadores de 8ª y 9ª generación gracias a su socket Intel 1151 y su chipset Z390. Support for 9th and 8th Generation Intel® Core™ i9 processors/ Intel® Core™ i7 processors/ Intel® Core™ i5 processors/ Intel® Core™ i3 processors/ Intel® Pentium® processors/ Intel® Celeron® processors in the LGA1151 package.\r\n\r\nSupport for DDR4 4133(O.C.) / 4000(O.C.) / 3866(O.C.) / 3800(O.C.) / 3733(O.C.) / 3666(O.C.) / 3600(O.C.) / 3466(O.C.) / 3400(O.C.) / 3333(O.C.) / 3300(O.C.) / 3200(O.C.) / 3000(O.C.) / 2800(O.C.) / 2666 / 2400 / 2133 MHz memory modules. Soporte para módulos de memoria ECC Un-buffered UDIMM 1Rx8/2Rx8 (operando en modo no-ECC).', 194.99, 'Placas base', 'Gigabyte', 0, 15),
(95, 'MSI B450 Gaming Plus', 'Integrando las tecnologías innovadoras en hardware de MSI proporcionando una suave experiencia virtual junto al esfuerzo con marcas VR, combinando las características únicas de MSI para optimizar el VR, MSI otorga a los gamers y profesionales una vívida y realista experiencia.\r\n\r\nLa tecnología Core Boost combina el diseño premium de MSI y el diseño optimizado de energía que pemirte sacar el máximo partido de tu procesador, además de realizar el overclocking más elevado. Adelanta a tus oponentes usando las fantásticas herramientas MSI GAMING. Hardware y herramientas de software creadas para mantenerte en la cabeza de la competición.', 99.99, 'Placas base', 'MSI', 0, 15),
(96, 'MSI B450M PRO-VDH V2', 'Las placas base de MSI ofrecieron la última solución para jugadores entusiastas y jugadores avanzados. La mejora de la memoria y la CPU, el almacenamiento rápido y la velocidad de transferencia de USB están listos para estar en el campo de batalla.\r\n\r\nLas placas base de la serie PRO combinan una funcionalidad estable y un ensamblaje de alta calidad para soluciones empresariales inteligentes. Diseñadas para satisfacer cualquier flujo de trabajo profesional, las placas base de la serie PRO hacen la vida más fácil para empresas y oficinas.\r\n\r\nLas placas madre de MSI cuentan con un diseño inteligente, como una conveniente zona de mantenimiento de pin-header, una ubicación SATA y USB amigable, etc., para que los usuarios de bricolaje puedan elegir el equipo de juegos que deseen.', 75.99, 'Placas base', 'MSI', 0, 15),
(97, 'MSI B450-A PRO', 'Las placas base MSI PRO Series admiten tecnologías multi GPU y tienen una ubicación óptima de ranuras PCI-E para obtener el mejor rendimiento térmico. La tecnología Core Boost combina el diseño premium de MSI y el diseño optimizado de energía que pemirte sacar el máximo partido de tu procesador, además de realizar el overclocking más elevado.\r\n\r\nLas placas base MSI permiten maximizar el rendimiento de la memoria y por lo tanto acelerar tu sistema, incrementar la capacidad de overclocking y una mayor estabilidad. Los trazados optimizados y un circuito de memoria totalmente aislado garantizan una estabilidad y un rendimiento perfectos, por lo que nunca tendrás que preocuparte de que tu sistema se cuelgue durante tus sesiones de juego.', 90.99, 'Placas base', 'MSI', 0, 15),
(98, 'Asus Rog Strix Z390-F Gaming', 'Te presentamos la placa base Rog Strix Z390-F Gaming con socket 1151 de octava generación y Chipset Z390 de Asus. Intel® Socket 1151 for Intel® Core™ 9000 series, 8th Generation Core™ i7/ i5/ i3, Pentium® and Celeron® processors.\r\n\r\n4 x DIMM, max. 64GB DDR4 4133(OC)*/ 4000(OC)*/ 3866(OC)*/ 3733(OC)*/ 3600(OC)*/ 3466(OC)*/ 3400(OC)*/ 3333(OC)*/ 3300(OC)*/ 3200(OC)*/ 3000(OC)*/ 2800(OC)*/ 2666/2400/ 2133 MHz, non-ECC, un-buffered memory.', 239.99, 'Placas base', 'Asus', 0, 15),
(99, 'MSI X299 Tomahawk AC', 'Te presentamos la placa base MSI X299 Tomahawk AC. Compatible con los nuevos procesadores New Intel® Core™ X-series del socket LGA 2066. Soporta el canal DDR4-4133(OC)+, Doble canal DDR4-4500(OC)+. M.2 SHIELD FROZR: Solución térmica para los M.2, manteniéndolos fríos y estables.\r\n\r\nLightning Fast Game experience: TWIN TURBO M.2  M.2 Shield FROZR y Intel Optane Memory Ready, Turbo U.2, LIGHTNING USB 3.1 GEN2. GAMING LAN y soporte inalámbrico, desarrollado por Intel®: La mejor experiencia de juego en línea con baja latencia y administración de ancho de banda. AUDIO BOOST 4 with NAHIMIC 2+: Recompensa tus oídos con un sonido como en un estudio profesional para una experiencia aún más inmersiva.', 249.99, 'Placas base', 'MSI', 0, 15),
(100, 'MSI B360M Bazooka', 'Con más procesadores de núcleos, el diseño térmico y de potencia es más importante para garantizar que la temperatura se mantenga baja. MSI con PWM y un diseño de circuito mejorado aseguran que incluso la CPU i7 de alto rendimiento funciona a toda velocidad con placas base MSI.\r\n\r\nDisfruta de un sistema de arranque extremadamente rápido y de una carga increíblemente rápida de aplicaciones y datos. Entregando velocidades de hasta 32 Gb/s por ¡dispositivo que usa Gen3 x4, Turbo M.2 es 5 veces más rápido que una conexión regular SATA III!\r\n\r\nLa tecnología Core Boost combina el diseño premium de MSI y el diseño optimizado de energía que permite una corriente más rápida y sin distorsión entrega a la CPU en precisión. No solo es compatible con CPUs multinúcleo, sino que también crea las condiciones perfectas para tu overclocking de CPU.', 74.99, 'Placas base', 'MSI', 0, 15),
(101, 'Owlotech BPS Fuente Alimentación 600W', 'Te presentamos la Fuente de alimentación Owlotech BPS, una fuente con 600W de potencia. Estándar ATX 12V 2.31, compatible con Intel y AMD. Sistema de protección contra cambios de voltaje integrado. Ventilador inteligente silencioso <28dB.', 19.99, 'Fuentes de alimentación', 'Owlotech', 0, 15),
(102, 'Nfortec Scutum PSU Fuente de Alimentacion 650W 80 Plus Bronze Modular', 'No sólo de chasis y disipadores vive Nfortec sino que, como no podía ser menos, las fuentes de alimentación forman una parte muy importante de su catálogo. Es por esto que la serie Scutum, tanto en su forma modular como no modular, ha sido fabricada buscando la excelencia, tanto en rendimiento como en sus acabados y materiales utilizados.\r\n\r\nPara Nfortec el precio no está reñido con el rendimiento por lo que sus 3 fuentes han sido certificadas con el sello 80+ Bronze, ofreciendo una eficiencia igual o superior al 85%. Junto a la fiabilidad, también podemos encontrar la flexibilidad de los modelos “M”, modelos que son modulares para optimizar al máximo el cableado de tu equipo. Su ventilador de 140 milímetros con velocidad autoajustable completa las especificaciones de esta fantástica serie de fuentes de alimentación.', 59.99, 'Fuentes de alimentación', 'Nfortec', 0, 15),
(103, 'Tacens Mars Gaming Vulcano 750W 80 Plus Silver Modular Rojo', 'Cuando los dioses se enfadan, desatan toda la potencia de su ira. Así nace la MPVU750 Vulcano, una extraordinaria fuente de alimentación de 750W que dotará a tu equipo de toda la potencia que necesitas para ser el mejor en tus juegos!\r\n\r\nEstá preparada para procesadores Intel de cuarta generación \"Haswell\". Ingenieria europea y seguridad certificada internacionalmente reconocidos por laboratorios de pruebas. Gracias a su alta eficiencia y diseño ecológico esta fuente ha obtenido el certificado 80 Plus Silver, que garantiza su eficiencia  energética superior al 85%.', 65.99, 'Fuentes de alimentación', 'Tacens', 0, 15),
(104, 'Nox NX 650W', 'NX Series convierte el poder más extremo en un flujo de energía estable gracias, entre otras cosas, a su PFC activo. Incluye un ventilador de aspas rojas que ajusta su velocidad según la temperatura del interior de la fuente y es compatible con sistemas multi-gpu com SLI y Crossfire.\r\n\r\nProporciona hasta un 87% de eficiencia en un 20-100% de carga en condiciones reales estándar. Gracias a este sistema la pérdida de energía será muy baja y se reducirán considerablemente los costos de electricidad. Con este tipo de eficiencia no sólo ahorraras energía, sino que también proteges el medio ambiente.\r\n\r\nVentilador de 140mm ultra-silencioso con rodamientos \"ball-bearing\" para un perfecto flujo de aire y niveles de ruido extremadamente bajo gracias a su avanzada tecnología y su diseño dinámico y de alto rendimiento. Es sin duda la mejor elección para construir un PC silencioso, y también es una fuente muy útil para reducir los ruidos ambientales. Con NX sentirás los beneficios de la eficiencia y el silencio.', 45.99, 'Fuentes de alimentación', 'Nox', 0, 15),
(105, 'Corsair VS650 650W 80 Plus White', 'La fuente de alimentación CORSAIR VS650 es una gran elección si está montando un sistema doméstico o de oficina menos exigente, pero necesita la compatibilidad y la fiabilidad que han hecho célebres a CORSAIR.\r\n\r\nLa gama VS650 suministra unos 650 W garantizados de potencia continua. Con el factor de corrección activa de corriente con valor 0,99, tendrá la tranquilidad de saber que sus componentes están protegidos en caso de suministros de potencia irregulares. Y su raíl específico de +12 V le ahorra la molestia de equilibrar sus componentes entre los múltiples cables de alimentación.', 59.99, 'Fuentes de alimentación', 'Corsair', 0, 15),
(106, 'Corsair VS550 550W 80 Plus White', 'La fuente de alimentación CORSAIR VS550 es una gran elección si está montando un sistema doméstico o de oficina menos exigente, pero necesita la compatibilidad y la fiabilidad que han hecho célebres a CORSAIR.\r\n\r\nLa gama VS550 suministra unos 550 W garantizados de potencia continua. Con el factor de corrección activa de corriente con valor 0,99, tendrá la tranquilidad de saber que sus componentes están protegidos en caso de suministros de potencia irregulares. Y su raíl específico de +12 V le ahorra la molestia de equilibrar sus componentes entre los múltiples cables de alimentación.', 49.99, 'Fuentes de alimentación', 'Corsair', 0, 15),
(107, 'Corsair RM750X V2 750W 80 Plus Gold Modular', 'Las fuentes alimentación RMx Series ofrecen un control del voltaje extremadamente preciso, un funcionamiento silencioso, una eficiencia con certificación Gold y un conjunto de cables totalmente modulares. Construida con condensadores totalmente japoneses a 105 °C, constituyen una gran elección para los PC de alto rendimiento, cuando la fiabilidad es esencial. La certificación de eficiencia 80 PLUS Gold reduce el coste operativo y el exceso de calor y, junto con el modo de ventilador sin ruido, garantiza un funcionamiento prácticamente silencioso a media y baja carga. Y los cables CC totalmente modulares facilitan los ensamblajes y las ampliaciones, además de producir resultados estéticamente despejados y muy atractivos.\r\n\r\nLa certificación Gold garantiza un funcionamiento de elevada eficiencia para reducir los costes operativos y la emisión del calor. Los componentes internos premium aseguran un estable suministro de energía y una fiabilidad a largo plazo.\r\n\r\nComo el ventilador no se activa hasta que sea necesario, disfrutará de un funcionamiento prácticamente silencioso a baja y media carga. La instalación es más rápida, ya que puede montar primero la fuente de alimentación en el chasis y después conectar únicamente los cables que sean necesarios.', 124.99, 'Fuentes de alimentación', 'Corsair', 0, 15),
(108, 'Tacens APII600 Fuente Alimentación 600W', 'Te presentamos en PcComponentes la APII600 de Tacens, una fuente de alimentación de 600W que cuenta con una potente tecnología de rail 12v único, que la capacita para un rendimiento extremadamente potente y estable. Además, ofrece la máxima compatibilidad gracias a la longitud de su cableado. Este fuente incorpora un ventilador TACES de 12cm y 14 dB, ultrasilencioso, que cuenta con controol de velocidad térmico inteligente y sistema anti-vibraciones, reduciendo notablemente el nivel sonoro de la fuente. La APII600 ha sido fabricada conforme a la normativa de la UE y dispone de protecciones eléctricas y filtrado de grado industrial para un funcionamiento seguro.', 19.99, 'Fuentes de alimentación', 'Tacens', 0, 15),
(109, 'L-Link Fuente de Alimentación ATX 500W con Cable Incluido', 'Te presentamos la fuente de alimentación de L-Link ATX con una potencia de 500W y conector de 20+4 pines. Ventilador 12x12. Fuente ultra silenciosa. Ideal para equipos profesionales. Incluye cable de alimentación. Fuente de alimentación ATX. Potencia 500W CE PIV. Ventilador 120 x120.', 9.99, 'Fuentes de alimentación', 'L-Link', 0, 15),
(110, 'Corsair CX750 750W 80 Plus Bronze', 'Las fuentes de la serie CX de Corsair son una excelente elección para sistemas sencillos y actualización de ordenadores de sobremesa. Fiabilidad y compatibilidad. La serie CX está construida y probada con estrictos estándares para una instalación sin problemas y un buen funcionamiento.\r\n\r\nRuido bajo. La eficiencia certificada por Bronce y el diseño inteligente del ventilador permiten poco o ningún ruido de ventilador detectable durante el funcionamiento normal. Buena apariencia. El acabado negro mate, los cables y conectores negros ayudan a darle a su sistema un aspecto de alta tecnología. Amplios conectores y cables largos. Los cables largos hacen que la Serie CX sea adecuada para la instalación incluso en cajas d, y el generoso número de cables le permite alimentar múltiples componentes y dispositivos de almacenamiento.', 92.99, 'Fuentes de alimentación', 'Corsair', 0, 15),
(111, 'Nox Hummer GD850 850W 80 Plus Gold', 'Hummer GD, son las fuentes con certificado 80 PLUS Gold de Nox. Se trata de fuentes que garantizan una eficiencia del 90%, diseñadas para aquellos que necesitan una potencia estable y una garantía de rendimiento en equipos de altas prestaciones.\r\n\r\nLas fuentes Hummer GD cuentan con certificado 80 PLUS Gold, el cual, garantiza una eficiencia del 90%, por lo tanto, el rendimiento de la fuente es mayor con menores costes. A su vez, las emisiones de calor se verán reducidas con un eficaz funcionamiento, permitiendo trabajar al ventilador a menor velocidad y en consecuencia, el ruido producido por la fuente será prácticamente imperceptible.', 89.99, 'Fuentes de alimentación', 'Nox', 0, 15),
(112, 'Tacens Mars Gaming MPB 650W 80 Plus Bronze', 'La MPB650 ofrece 650W para potenciar tu ordenador y conseguir una alimentación constante y estable gracias a su tecnología de raíl único de 12V. Además, cuenta con el Certificado 80 Plus Bronze 230V y ha sido testada por reconocidos laboratorios de pruebas europeos.\r\n\r\nLos sistemas de seguridad electrónica y el filtrado industrial de la MPB650 logran un rendimiento totalmente estable y sin complicaciones, además de cumplir estrictamente con la normativa y las directivas europeas. Por otra parte, la distribución de cables de la fuente ha sido preparada para ofrecer una instalación cómoda y adaptable gracias a la longitud de los mismos.', 39.99, 'Fuentes de alimentación', 'Tacens', 0, 15),
(113, 'Nox Urano SX 500W', 'Fuente ATX de 500W de potencia de salida y ventilador de 120 mm con control automático de la velocidad. Más posibilidades, mejores prestaciones. Superficie con acabado en textura color negro. Eficiencia Green Power. 10 sistemas de protección: UVP, OVP, OGP, OTP, OPP, OLP, SCP, NLO, PFP, TFP.', 27.99, 'Fuentes de alimentación', 'Nox', 0, 15),
(114, 'Thermaltake Toughpower Grand RGB 750W 80 Plus Gold Modular', 'Te presentamos la Fuente de Alimentación Modular Toughpower Grand RGB 750W Plus Gold de Thermaltake. Ventilador patentado Riing de 256 colores con 5 modos de iluminación y memoria interna. Smart Zero Fan: minimiza el ruido no deseado. Homologaciones de seguridad: certificaciones CE / cTUVus / TÜV SÜD / FCC / CCC / BSMI / EAC.', 119.99, 'Fuentes de alimentación', 'Thermaltake', 0, 15),
(115, 'Corsair RM850X V2 850W 80 Plus Gold Modular', 'Las fuentes alimentación RMx Series ofrecen un control del voltaje extremadamente preciso, un funcionamiento silencioso, una eficiencia con certificación Gold y un conjunto de cables totalmente modulares. Construida con condensadores totalmente japoneses a 105 °C, constituyen una gran elección para los PC de alto rendimiento, cuando la fiabilidad es esencial. La certificación de eficiencia 80 PLUS Gold reduce el coste operativo y el exceso de calor y, junto con el modo de ventilador sin ruido, garantiza un funcionamiento prácticamente silencioso a media y baja carga. Y los cables CC totalmente modulares facilitan los ensamblajes y las ampliaciones, además de producir resultados estéticamente despejados y muy atractivos.', 139.99, 'Fuentes de alimentación', 'Corsair', 0, 15),
(116, 'EVGA N1 650W', 'Cuando se construye según un presupuesto, la fuente de alimentación EVGA 650W es una gran opción a un bajo costo. El soporte de 52A en un solo riel de + 12V brinda más opciones sin tener que reducir los requisitos de sus componentes. EVGA 650W ofrece las conexiones y protecciones necesarias para las versiones básicas del sistema. Con una garantía estándar de 2 años y un diseño de ventilador ultra silencioso, la fuente de alimentación EVGA 650W será un gran activo para su próxima construcción con un presupuesto ajustado.\r\n\r\nProtecciones de alta resistencia, incluidas OVP (protección contra sobretensión), OCP (protección contra sobrecorriente), OPP (protección contra sobrecorriente), SCP (protección contra cortocircuito) y OTP (protección contra sobretemperatura). Ventilador automático e inteligente para un funcionamiento casi silencioso.', 49.99, 'Fuentes de alimentación', 'EVGA', 0, 15),
(117, 'Tacens Mars Gaming MPII 650W', 'Esta fuente de alimentación de 650W Tacens Mars Gaming MPII 650W contiene un ventilador de 12 cm y 14 dB apenas perceptibles, que incluye un sistema inteligente con control de velocidad y un sistema antivibraciones. Asimismo, cumple con todas las normas europeas y está preparada para nuevos procesadores Intel Haswell.\r\n\r\nEsta fuente de alimentación de 650W contiene un ventilador de 12 cm y 14 dB apenas perceptibles, que incluye un sistema inteligente con control de velocidad y un sistema antivibraciones. Asimismo, cumple con todas las normas europeas y está preparada para nuevos procesadores Intel Haswell.', 35.99, 'Fuentes de alimentación', 'Tacens', 0, 15),
(118, 'Corsair VS450 450W 80 Plus White', 'La fuente de alimentación CORSAIR VS450 es una gran elección si está montando un sistema doméstico o de oficina menos exigente, pero necesita la compatibilidad y la fiabilidad que han hecho célebres a CORSAIR.\r\n\r\nLa gama VS450 suministra unos 450 W garantizados de potencia continua. Con el factor de corrección activa de corriente con valor 0,99, tendrá la tranquilidad de saber que sus componentes están protegidos en caso de suministros de potencia irregulares. Y su raíl específico de +12 V le ahorra la molestia de equilibrar sus componentes entre los múltiples cables de alimentación.', 39.99, 'Fuentes de alimentación', 'Corsair', 0, 15),
(119, 'Aerocool KCAS 500W 80 Plus Bronze', 'Las fuentes de alimentación KCAS, con certificación 80 Plus Bronze, proporcionarán a tu equipo toda la potencia necesaria para funcionar de manera óptima. Alimentador de energía para tarjeta madre: 20+4 pin ATX. Número de conectores de energía SATA: 7. Conectores de poder PCI Express (6 + 2 pin): 1. CPU conector de alimentación (4 +4 pines): Si. Conector de poder floppy: 1.', 37.99, 'Fuentes de alimentación', 'Aerocool', 0, 15),
(120, 'Corsair CX750M 750W 80 Plus Bronze Modular', 'Las fuentes de alimentación modulares CX Series™ Modular son una elección ideal para el montaje de sistemas básicos y las actualizaciones de equipos de escritorio, ya que ofrecen una alta fiabilidad, poco ruido y una instalación sencilla. El sistema de cableado modular flexible te permite utilizar únicamente los cables que necesitas, y su certificación de eficiencia energética 80 PLUS Bronze significa menos calor, menos ruido y facturas de la luz más baratas. Gracias al ventilador de gran diámetro termocontrolado, la fuente de alimentación CX Series Modular es más silenciosa cuando está en reposo y genera menos ruido aunque estés empleando toda la potencia del sistema. Además, el acabado en negro mate, los cables revestidos en negro y los conectores también negros dotan a tu sistema de un aspecto elegante y de alta tecnología.\r\n\r\nEl sistema de cableado modular permite utilizar solo los cables que necesitas. De esta forma, se ahorra espacio y eliminan componentes, lo que ofrece un aspecto más limpio y un flujo de aire mejor. La fuente de alimentación CX Series Modular se ha fabricado y probado conforme a estándares muy estrictos en lo que a instalación y funcionamiento se refiere.\r\n\r\nGracias a la certificación de eficiencia energética 80 PLUS Bronze y a un diseño inteligente, el ruido del ventilador es prácticamente inexistente durante un funcionamiento normal. El acabado en negro mate, los cables revestidos en negro y los conectores también negros dotan a tu sistema de un aspecto elegante y de alta tecnología.', 99.99, 'Fuentes de alimentación', 'Corsair', 0, 15),
(121, 'Owlotech EVO USB 3.0 500W', 'Te presentamos la EVO de Owlotech, una torre en formato ATX que no te dejará impasible. Construida con los mejores materiales y con una conectividad USB 3.0 en su parte frontal, la primera torre de la marca Owlotech se presenta cómo una torre con un precio increible.', 39.99, 'Cajas', 'Owlotech ', 0, 15),
(122, 'Nfortec Vega RGB Cristal Templado USB 3.0 Negra', 'Nfortec os trae Vega, la torre RGB que llega para iluminar tu setup a la vez que te ofrece una gran versatilidad. Su sincronización RGB y su robustez hacen de Vega una opción que dará el máximo ante cualquier situación.', 79.99, 'Cajas', 'Nfortec ', 0, 15),
(123, 'AeroCool Cylon LED USB 3.0 con Ventana Negra', '¡Un panel frontal único! La torre Aerocool Cylon cuenta con un elegante barra trasera LED con 13 modos de luz en el panel frontal, seis modos de luz de flujo RGB y siete modos de color sólido.', 39.99, 'Cajas', 'AeroCool', 0, 15),
(124, 'Nox Hummer MC USB 3.0 Negra', 'Hummer MC es el chasis más especial de todo el catálogo de la marca, una semitorre con 7 colores de iluminación LED diferentes en un solo chasis. Disponible en blanca y negra con una gran ventana lateral que permitirá ver todo el interior del PC junto a todos los componentes iluminados por los LEDs que incorpora.', 46.7, 'Cajas', 'Nox ', 0, 15),
(125, 'Nox Hummer MC USB 3.0 Zero Edition Blanca', 'Hummer MC es el chasis más especial de todo el catálogo de la marca, una semitorre con 7 colores de iluminación LED diferentes en un solo chasis. Disponible en blanca y negra con una gran ventana lateral que permitirá ver todo el interior del PC junto a todos los componentes iluminados por los LEDs que incorpora.', 44.99, 'Cajas', 'Nox', 0, 15),
(126, 'L-Link Avatar USB 3.0 con Ventana LED Azul', 'La torre AVATAR se presenta con un elegante diseño en el que se han incluido 6 ventiladores LEDS AZUL ( 3 ventiladores en la parte frontal, 1 en la parte trasera y otros 2 en la parte superior) El panel superior cuenta con filtro de polvo, ademas de 2 puertos USB 3.0, 1 puerto USB 2.0, y las conexiones de audio para cascos y micrófono. El lateral es totalmente transparente.', 49.9, 'Cajas', 'L-Link', 0, 15),
(127, 'Nox Hummer TGX Rainbow RGB 3.0 USB Cristal Templado LED Negra\r\n', 'Con su chasis tipo torre Hummer TGX, Nox ha unido belleza y altas posibilidades de rendimiento: paneles de cristal templado en frontal y ambos laterales, ventiladores de 140 mm con iluminación RGB y capacidad para alojar tanto gráficas de gran tamaño (hasta 430 mm), como sistemas de refrigeración líquida dobles y triples, asi como hasta seis unidades de almacenamiento en su amplio interior optimizado para una cómoda instalación y gestión del cableado.\r\n\r\nHummer TGX es un chasis en formato torre compatible con placas E-ATX, ATX, M-ATX e ITX, una solución perfecta para equipos de altas prestaciones con un diseño vanguardista. Diseñada con una cuidada estética, Hummer TGX está envuelta por dos paneles de cristal templado en los laterales y un frontal de cristal templado con acabados negros que alberga sus ventiladores frontales con iluminación LED RGB. Los paneles laterales proporcionan una completa visión del interior del equipo así como de todos los componentes, perfecta para entusiastas que deseen apreciar su configuración.', 99.99, 'Cajas', 'Nox ', 0, 15),
(128, 'AeroCool Cylon LED USB 3.0 con Ventana Blanca', '¡Un panel frontal único! La torre Aerocool Cylon cuenta con un elegante barra trasera LED con 13 modos de luz en el panel frontal, seis modos de luz de flujo RGB y siete modos de color sólido.', 39.99, 'Cajas', 'AeroCool', 0, 15),
(129, 'Nox Hummer ZS Negra', 'Hummer ZS es el chasis más compacto de la renovada serie Hummer. Una semitorre disponible en blanco y negro con una gran ventana acrílica que permite ver el interior del equipo y todos sus componentes. En su interior es posible albergar un equipo de altas prestaciones con un excelente sistema de refrigeración que permitirá funcionar al equipo de manera óptima.', 44, 'Cajas', 'Nox', 0, 15),
(130, 'L-Link Kazumi USB 3.0 con Ventana', 'KAZUMI se presenta con un elegante diseño en el que se han incluido 2 ventiladores con LEDS en la parte frontal, 1 en la parte trasera y otro en la parte superior. El panel superior cuenta 1 puerto USB 3.0, además de 1 puerto USB 2.0, y las conexiones de audio para cascos y micrófono. El lateral es totalmente transparente.', 34.99, 'Cajas', 'L-Link', 0, 15),
(131, 'Cooler Master MasterBox K500L USB 3.0 con Ventana Negra Led Rojo', 'Los ventiladores LED rojos preinstalados y la iluminación roja crean una sensación elegante y agresiva. Ven a mostrar tu versión de juego con MasterBox K500L. Flujo de aire optimizado debido al panel frontal semi-mallado y los orificios de ventilación en la parte superior de la caja.\r\n\r\nLa parte delantera admite hasta tres ventiladores de 120 mm o dos de 140 mm y hasta un radiador de 280 mm. La parte trasera es compatible con un ventilador o radiador de 120 mm. Viene con dos ventiladores LED de 120 mm preinstalados en la parte delantera y un ventilador de 120 mm en la parte posterior. Todo para garantizar que no tiene que comprometer el rendimiento. La MasterBox K500L admite enfriadores de CPU de hasta una altura de 160 mm, tarjetas de gráficos de hasta una longitud de 400 mm y fuentes de alimentación de hasta 180 mm de longitud.', 49.99, 'Cajas', 'Cooler Master', 0, 15),
(132, 'Phanteks Enthoo Evolv X USB 3.1 Cristal Templado RGB Gris', 'El interior de la torre Phanteks Evolv X está diseñado de tal manera que no se pierde espacio, lo que le proporciona la máxima flexibilidad para personalizar la configuración deseada. Ya sea que se trate de una vitrina de refrigeración por agua de gama alta, un sistema de almacenamiento de datos profesional o incluso una PC de doble sistema, la Evolv X te ofrece cobertura mientras mantienes un factor de forma en la torre central.\r\n\r\nLa nueva Evolv X se ha perfeccionado con un flujo de aire muy mejorado manteniendo su carácter distintivo. Esto incluye espacios efectivos y elementos de malla para garantizar un equilibrio impecable entre el flujo de aire y la estética limpia.', 209.99, 'Cajas', 'Phanteks', 0, 15),
(133, 'Nox Coolbay MX2 USB 3.0 Negro', 'Elegante y compacto. Coolbay MX2 es un chasis compacto en formato mini torre compatible con placas mATX. Fabricada por completo en negro tanto en su interior como en su exterior, el frontal cuenta con acabado metal mesh, siguiendo el diseño del resto de modelos de la serie Coolbay.\r\n\r\nExcelente refrigeración. Coolbay MX2 cuenta con un ventilador de 120 mm preinstalado en el frontal y la posibilidad de instalar 3 ventiladores adicionales; uno de 120 mm en el frontal, uno de 120 mm en la parte trasera y uno de 120/140 mm en el lateral. Gracias al metal mesh del frontal y la rejilla lateral, el flujo de aire del interior del equipo está garantizado, asegurando una refrigeración óptima de todos los componentes. Por otro lado, Coolbay MX2 está preparada para albergar sistemas de refrigeración líquida en su interior, con espacio para un radiador de 120/240 mm en el frontal y  un radiador de 120 mm en la parte trasera. \r\n\r\nAmplias prestaciones. Si bien se trata de un chasis de pequeñas dimensiones, su interior ofrece posibilidades para albergar un equipo de alto rendimiento, puesto que tiene capacidad para instalar gráficas de hasta 350 mm de longitud y coolers de CPU de una altura máxima de 160 mm. Cuenta con una bahía externa de 5.25\" y cuatro bahías internas, dos de 3.5\" y dos de 2.5\", así como 4 slots de expansión. Además, podremos instalar una fuente de alimentación estándar ATX.', 28.99, 'Cajas', 'Nox', 0, 15),
(134, 'Thermaltake View 28 Riing RGB USB 3.0 con Ventana', 'La semitorre View 28 RGB Edición Riing posee una ventana de ala de gaviota transparente, un sistema de montaje de GPU flotante y un cable ascendente PCI-e, además de una cubierta para la PSU que facilita el manejo del cableado. El panel frontal tintado posee una matriz RGB LED de 256 colores que proporciona a los usuarios una presentación limpia al mismo tiempo que da un aspecto visual asombroso al sistema. El View 28 RGB es compatible con el hardware de gama alta, ya sean tarjetas gráficas, o sistemas de refrigeración líquida o por aire. Configura tu PC definitivo con el Thermaltake View 28 RGB Edición Riing.\r\n\r\nEl Certificado Tt LCS es una certificación exclusiva de Thermaltake, aplicada solo a los productos que pasan unos estándares muy altos de diseño y aprobación por los más apasionados, siendo así merecedor de considerarse un verdadero chasis LCS. La certificación tt LCS fue creada para que nosotros, como asesores, pudiéramos aconsejar a los usuarios potenciales sobre qué chasis ha sido probado para ser el mejor y más compatible con configuraciones de refrigeración líquida, para asegurarles los mejores resultados conseguidos por parte de las mejores características y accesorios.', 79.99, 'Cajas', 'Thermaltake', 0, 15),
(135, 'Corsair Carbide 100R USB 3.0 Negra', 'Elegante y moderno en el exterior, con todas las prestaciones en su interior que necesitan los ensambladores de PCs profesionales. El chasis semitorre Carbide Series 100R aúna la versatilidad que necesitan los ensambladores de PCs profesionales con un moderno y despejado diseño exterior que encantará a todos los usuarios. Un sencillo acceso al interior, sin necesidad de herramientas, una ventana empotrada al ras para que se puedan admirar sus componentes y una amplia variedad de opciones de refrigeración estará todo ello a disposición del ensamblador de equipos domésticos a un valor espectacular con esta última incorporación a la familia Corsair.\r\n\r\nEs la plataforma para PC de rendimiento en modo sigiloso. Con un panel frontal sin rejilla, una ventana en el panel lateral empotrada al ras y líneas límpidas, el chasis 100R es lo suficientemente profesional para la oficina y lo suficientemente personalizable para los ensamblados de PCs domésticos.\r\n\r\nLa simplicidad comienza con la instalación de unidades de 3,5\" y 5,25\" sin necesidad de herramientas, y las cuatro bandejas para discos duros ofrecen soporte para unidades de estado sólido, para que pueda combinarlas de acuerdo con sus necesidades. En el exterior, dos puertos USB 3.0 en el panel frontal le brindan un acceso rápido y fácil a los discos duros portátiles y a las unidades flash de alta velocidad y de última generación.', 54.99, 'Cajas', 'Corsair', 0, 15),
(136, 'Thermaltake View 31 TG RGB Cristal Templado y Ventiladores RGB', 'Te presentamos la caja View 31 TG RGB de Thermaltake  con ventana de vidrio templado duradero de 4 mm de espesor, soporte  para GPU vertical con cable de riser PCI-e opcional, tres ventiladores LED RGB de Rihang de 140 mm preinstalados que ofrecen a los usuarios 256 colores Mientras que garantiza un rendimiento de refrigeración sobresaliente. El View 31 TG RGB soporta el hardware más reciente de la PC y todas las soluciones GPU de gama alta, garantiza una expansión sin precedentes para configuraciones de gama alta y un sistema de refrigeración líquida para satisfacer el mercado donde los usuarios han optado por un chasis elegante con características avanzadas y un atractivo estético.\r\n\r\nLCS Certified es una certificación exclusiva de Thermaltake aplicada sólo a los productos que superan los estándares de diseño y entusiastas incondicionales que un verdadero chasis LCS debe tener. La certificación Tt LCS fue creada para que en Thermaltake podamos designar a todos los usuarios de potencia cuyos chasis han sido probados para ser mejor compatibles con configuraciones de enfriamiento de líquidos extremas para asegurar que obtenga el mejor rendimiento de las mejores características y equipamiento.', 129.99, 'Cajas', 'Thermaltake', 0, 15),
(137, 'Nox Hummer TGS USB 3.0 Cristal Templado', 'Hummer TGS es el chasis compacto de la serie Hummer, compatible con placas ATX y micro ATX. Tanto su frontal como su lateral han sido diseñados con cristal templado. Incluye ventiladores LED azul y amplias opciones en el interior.\r\n\r\nEl panel frontal de Hummer TGS cuenta con dos puertos USB 2.0 y un puerto USB 3.0, así como las conexiones de audio para auriculares y microfono, facilitando el acceso a todas las conexiones de dispositivos externos. Además, Hummer TGS cuenta con cristal templado en todo el frontal lo que nos permite ver los dos ventiladores LED azules de su interior que iluminaran el interior del PC con todos los componentes.\r\n\r\nPese a ser la más compacta de la serie Hummer, cuenta con espacio en su interior para gráficas de gran longitud, hasta 360 mm. También es posible instalar coolers de una altura máxima de 158 mm, lo cual nos permitirá albergar configuraciones para equipos de alto rendimiento.', 36.99, 'Cajas', 'Nox', 0, 15),
(138, 'Phanteks Enthoo Evolv X USB 3.1 Cristal Templado RGB Plata', 'El interior de la torre Phanteks Evolv X está diseñado de tal manera que no se pierde espacio, lo que le proporciona la máxima flexibilidad para personalizar la configuración deseada. Ya sea que se trate de una vitrina de refrigeración por agua de gama alta, un sistema de almacenamiento de datos profesional o incluso una PC de doble sistema, la Evolv X te ofrece cobertura mientras mantienes un factor de forma en la torre central.\r\n\r\nLa nueva Evolv X se ha perfeccionado con un flujo de aire muy mejorado manteniendo su carácter distintivo. Esto incluye espacios efectivos y elementos de malla para garantizar un equilibrio impecable entre el flujo de aire y la estética limpia.', 208.99, 'Cajas', 'Phanteks', 0, 15),
(139, 'Tacens Anima AC016 USB 3.0', 'La caja AC016 está fabricada en aleación de alta calidad. Se trata de un elegante chasis, resistente y ligero, con un perfecto acabado anti-cortes.\r\n\r\nAdmite tarjetas gráficas de hasta 250 mm. Gracias a su diseño, clásico pero espacioso, dispone de numerosas bahías para personalizar su rendimiento. Internas: 3 x 3.5\" / 1 x SSD. Externas: 1 x 5.25\" / 1 x 3.5\".', 24.99, 'Cajas', 'Tacens', 0, 15);
INSERT INTO `producto` (`id`, `nombre`, `descripcion`, `precio`, `categoria`, `fabricante`, `destacado`, `unidades`) VALUES
(140, 'L-Link Kron Led Azul USB 3.0 con Ventana', 'La caja KRON presenta un elegante diseño en el que se han incluido 1 ventilador con LEDS en la parte frontal, 1 en la parte trasera y 1 en la parte superior. El panel superior cuenta 2 puertos USB 3.0, lector de tarjetas TF/SD y las conexiones de audio para cascos y micrófono. El lateral es totalmente transparente.\r\n\r\nLateral transparente de metacrilato. 3 Ventiladores con LED AZUL incluidos. 1 en el frontal, 1 en la parte trasera y 1 en la parte superior. Excelente sistema para ordenar los cables en el interior. Lector de tarjetas TF/SD, puertos USB e I/O situados en la parte superior para un fácil acceso', 39.99, 'Cajas', 'L-Link', 0, 15),
(141, 'Thermaltake Pack 3 Riing 14 LED RGB Premium Edition', 'Thermaltake lanza la nueva serie Riing 14 RGB, un ventilador de 140 mm equipado para mejorar la presión estática que produce un rendimiento impresionante de refrigeración con un aspa del ventilador optimizado. Equipa también cojinetes hidráulicos para garantizar un funcionamiento silencioso. Además, su sistema de montaje anti-vibración refuerza la estabilidad durante el funcionamiento. El anillo de LEDpatentado mantiene el color y la uniformidad del brillo; el efecto de iluminación es visible desde todos los lados y ángulos y añade estilo al chasis.\r\n\r\nEsta edición Premium incluye un software especial con el que podrás configurar la iluminación LED RGB desde tu escritorio. Personaliza tus ventiladores de la forma más cómoda posible.', 55.99, 'Ventilación', 'Thermaltake', 0, 15),
(142, 'MSI Core Frozr XL Ventilador CPU', 'Los juegos cobran vida a través de hardware de alto rendimiento que puede calentarse bastante en el fragor de la batalla. El enfriamiento de los componentes puede marcar la diferencia cuando necesita que su hardware se mantenga fresco para una experiencia de juego fluida.\r\n\r\nEl MSI Core Frozr XL se ha diseñado utilizando toda la experiencia y las tecnologías de vanguardia de los productos MSI GAMING para proporcionar el mejor rendimiento térmico de su clase.\r\n\r\nUsando la tecnología patentada TORX Fan de MSI que también se puede encontrar en nuestras famosas tarjetas gráficas de la serie GAMING, se genera una gran cantidad de flujo de aire para una refrigeración altamente efectiva. La combinación única de dos tipos diferentes de álabes de ventilador también asegura que el enfriador se mantenga relativamente silencioso en situaciones de carga extrema.\r\n\r\nCore Frozr XL utiliza una base de cobre sólida chapada en níquel que crea una gran área altamente conductiva que atrapa el calor de la CPU y lo transmite de manera eficiente a las heatpipes conectadas. Ocho heatpipes de 6 mm altamente eficientes se extienden desde la placa base hacia una impresionante variedad de aletas de aluminio. Las aletas están equipadas con tecnología Airflow Control para disipar hasta 250W de calor de la CPU\r\n\r\nCada pequeño detalle cuenta cuando se trata de crear el mejor diseño térmico, razón por la cual Core Frozr XL utiliza un compuesto térmico de primera calidad para garantizar un rendimiento térmico duradero y confiable.\r\n\r\nLa colocación del ventilador se puede ajustar para permitir suficiente espacio (36 mm-55 mm) para los módulos de memoria de gama alta con disipadores térmicos o LED RGB. Además, personalice su plataforma con RGB Mystic Light y elija entre 16.8m colores y una serie de efectos animados usando el software MSI Mystic Light App en su PC o dispositivo móvil.\r\n\r\nAdmite todos los sockets Intel y AMD populares y se puede equipar con un sistema de montaje fácil de usar. El Core Frozr XL también incluye una placa posterior de CPU que brinda más soporte para la placa base y el enfriador para evitar cualquier daño a través de años de uso o el golpe ocasional durante el transporte.', 109.99, 'Ventilación', 'MSI', 0, 15),
(143, 'Cooler Master', 'Cooler Master Hyper 103 es un disipador asequible que ofrece un gran rendimiento para la refrigeración en todas las plataformas modernas gracias al diseño especial de sus aspas. Incorpora la tecnología exclusiva Aire-Guide X-Vent y que optimizan el flujo de aire hacia sus heatpipes. El ventilador PWM de 92mm del Hyper 103 cuenta con una amplia gama de velocidades y se puede ajustar con precisión para obtener el máximo flujo de aire y un funcionamiento silencioso. El bajo perfil es un gran partido para los equipos con un espacio reducido.', 24.5, 'Ventilación', 'Cooler Master', 0, 15),
(144, 'Thermaltake Riing 12 LED Naranja', 'Thermaltake ha lanzado la nueva serie LED Riing 12, un ventilador de 120 mm equipado para mejorar la presión estática que produce un rendimiento impresionante de refrigeración con un aspa del ventilador optimizado. Cojinetes hidráulicos para garantizar un funcionamiento silencioso ruido ultra bajo. Además, un sistema de montaje anti-vibración refuerza la estabilidad durante el funcionamiento.\r\nEl anillo de LED patentado mantiene el color y la uniformidad del brillo; el efecto de iluminación es visible desde todos los lados y ángulos. El anillo de LED de color cuatro (en azul, rojo, blanco y verde) añade estilo al chasis.', 14.25, 'Ventilación', 'Thermaltake', 0, 15),
(145, 'Silverstone Nitrogon NT08-115X', 'El Nitrogon NT08-115X de SilverStone Technology es un discreto disipador para CPU diseñado para su uso en espacios limitados y plataformas LGA1150/1151/1155/1156. Tiene un sólido núcleo de auténtico cobre con aletas de aluminio extruido para conseguir una conductividad térmica superior de hasta 95W, un número que rivaliza con muchos disipadores más grandes y originales. El ventilador PWM personalizado de 92mm fue diseñado con aspas para conseguir la mayor presión de aire posible y mantener un perfil acústico inusual para disipadores de este tamaño. Con una altura total de 48mm, el NT08-115X es una excelente mejora para cualquier sistema discreto basado en plataformas LGA1150/1151/1155/1156.', 16.75, 'Ventilación', 'Silverstone', 0, 15),
(146, 'Thermaltake Riing Duo 12 RGB Radiator Fan TT Premium Edition', 'El ventilador Thermaltake Riing Duo 12 RGB tiene dos anillos LED de 16.8 millones de colores RGB direccionables individuales con 18 LED patentados en total y es compatible con el software TT RGB PLUS, Amazon Alexa Voice Service y el software Razer Chroma. El ventilador de alta presión estática de 120 mm está controlado por PWM y cuenta con un cojinete hidráulico de larga duración y un diseño de aspa de ventilador de compresión, que ofrece un rendimiento de enfriamiento extraordinario sin sacrificar el funcionamiento silencioso. Riing Duo es económico pero eficiente y hermoso!', 89.99, 'Ventilación', 'Thermaltake', 0, 15),
(147, 'Nox H-FAN Hummer PWM 120mm', 'Te presentamos el Nox H-FAN Hummer con control PWM que te proporcionará una excelente ventilación de manera eficaz y silenciosa. Alcanza una velocidad de 600 a 1800 RPM con un flujo de aire de hasta 60.7CFM. Un ventilador esencial para la refrigeración de tu equipo gaming que te proporcionara una estabilidad térmica en el interior de tu PC. Construido con sus esquinas de goma, el H-Fan Hummer 120mm.', 12.41, 'Ventilación', 'Nox', 0, 15),
(148, 'Fractal Dynamic Venturi HP-14 PWM 140mm Negro', 'Los ventiladores Venturi High Pressure Series PWM, HP-12 y HP-14, están optimizados para escenarios de flujo de aire de alta restricción, lo que los convierte en una excelente opción para uso en disipadores de calor grandes, radiadores u otros escenarios altamente restrictivos.\r\n\r\nDiseñados con una variedad de características que aumentan el rendimiento y reducen el ruido, estos ventiladores pueden mover una increíble cantidad de aire a través de entornos restringidos en comparación con otros ventiladores al mismo nivel de ruido mínimo.\r\n\r\nEl HP-14 viene con dos juegos de curvas de goma de amortiguación de vibraciones sólidas: una para separación de orificio de ventilador estándar de 140 mm (125 mm) y otra compatible con la separación de orificio estándar de 120 mm (105 mm). Los ventiladores Venturi de alta presión de la serie PWM son ideales para aquellos que buscan un equilibrio perfecto entre alto rendimiento y bajo ruido construido a partir de materiales resistentes y de alta calidad.', 16.99, 'Ventilación', 'Fractal', 0, 15),
(149, 'Phanteks PH-F120SP Ventilador 120mm LED Roja', 'Te presentamos los ventiladores Phanteks PH-F140SP, unos ventiladores con un nuevo diseño reconstruido que forman un ángulo menor para lograr una mayor presión de aire. las cuchillas rediseñadas generan un mejor flujo de aire y produce un mejor rendimiento. Este ventilador tiene una tamaño en la base más grande con un motor de corriente continua sin escobillas magnético para evitar los efectos de resonancia y estabiliza la rotación.', 12.99, 'Ventilación', 'Phanteks', 0, 15),
(150, 'Thermaltake Riing Silent 12 Pro CPU Cooler Rojo', 'El Cooler de CPU de Thermaltake Riing Silent 12 Pro tiene implementado un ventilador PWM de 120 mm de 11 aspas que ha sido colocado para mejorar el flujo de aire así como para conseguir unos resultados impresionantes en la refrigeración. Los cojinetes hidráulicos garantizan un funcionamiento muy silencioso. El anillo LED patentado mantiene el color y la uniformidad del brillo. Así, el efecto de luz es visible desde todos los ángulos y lados.', 51.99, 'Ventilación', 'Thermaltake', 0, 15),
(151, 'Noctua NH-D15 SE-AM4\r\n', 'Tras haber sido galardonado con más de 200 premios y recomendaciones de sitios web y revistas internacionales especializadas, el innovador modelo NH-D15 de Noctua se ha convertido en una referencia dentro de los disipadores de doble torre más exclusivos. La versión SE-AM4 es una edición especial diseñada especialmente para la plataforma AM4 de AMD, que incluye el más novedoso sistema de montaje SecuFirm2™ para AM4 (Ryzen). Equipado también con dos ventiladores silenciososNF-A15 PWM, de 140 mm, el componente térmico NT-H1 de eficacia probada de Noctua y una garantía de fabricación de 6 años, el NH-D15 SE-AM4 forma una solución completa de máxima calidad que representa una opción de lujo tanto para los overclockers como los partidarios del silencio que aspiran a mejorar sus sistemas AM4 lo máximo posible.\r\n\r\nTenga en cuenta que, al ser una edición especial diseñada para AM4, el NH-D15 SE-AM4 incluye únicamente hardware de montaje AM4 y, para este disipador, Noctua no puede proporcionar kits de montaje gratuitos para otros sockets como LGA115x o LGA2011.', 89.99, 'Ventilación', 'Noctua ', 0, 15),
(152, 'Corsair SP120 Ventilador 120mm LED RGB\r\n', 'Refrigeración de elevada presión estática con iluminación LED. Los ventiladores de chasis para ordenador CORSAIR SP120 RGB LED combinan una iluminación impresionante con un suministro de aire de alta presión para garantizar que su equipo destaque entre la multitud. Silencioso a la vez que imponente, el SP120 le ayuda a darle el toque definitivo a su sistema.\r\n\r\nLa iluminación LED RGB requiere un multiplicador y un controlador para el ventilador que están disponibles al comprar un kit de venitlador. Este producto está pensado para ser una extensión de esos kits.', 16.75, 'Ventilación', 'Corsair', 0, 15),
(153, 'Noctua NF-A6x25 FLX 60x60\r\n', 'Dotado de medidas avanzadas de diseño aerodinámico, como canales de aceleración de flujo (Flow Acceleration Channels) y el marco AAO de Noctua, el NF-A6x25 FLX es un ventilador silencioso, de primera calidad y altamente optimizado, con un tamaño de 60 x 25 mm. La tecnología Smooth Commutation Drive y los rodamientos SSO2 de referencia de Noctua garantizan una fluidez de funcionamiento espectacular y excelente estabilidad a largo plazo. Dotado de cables modulares, adaptadores para reducción del ruido y 6 años de garantía del fabricante, el NF-A6x25 es una elección de primera línea para las demandas más elevadas.', 13.25, 'Ventilación', 'Noctua', 0, 15),
(154, 'Cooler Master Hyper 212 LED Rojo\r\n', 'Hyper 212 LED está equipado con un ventilador PWM con LED rojo y proporciona el mejor flujo de aire y presión estática para quitar el calor. Y cuatro tubos de calor de contacto directo con aletas de aluminio en forma de embudo proporcionan los enfriadores de CPU optimizados para un gran rendimiento. Además, los soportes universales mejorados garantizan una instalación fácil y sin preocupaciones en todas las plataformas.\r\n\r\n', 31.89, 'Ventilación', 'Cooler Master', 0, 15),
(155, 'Corsair Air Series AF140 140x140mm LED Rojo\r\n', '', 14.99, 'Ventilación', 'Corsair', 0, 15),
(156, 'Cooler Master Hyper 212 RGB Black Edition\r\n', 'El legendario enfriador de aire Hyper está de vuelta y mejor que antes. La Hyper 212 RGB Black Edition ofrece una mejor instalación y un gran rendimiento, y es una de las mejores soluciones de enfriamiento de aire. La cubierta superior de aluminio y las aletas de color negro azabache niqueladas le dan a la Hyper 212 RGB Black Edition un atractivo estético de primera calidad.\r\n\r\nEl elegante negro azabache no solo lo hace lucir bien, sino que también aumenta el rendimiento de enfriamiento. La Hyper 212 RGB Black Edition mantiene la misma eficiencia de enfriamiento que la Hyper 212 EVO. La tecnología de contacto directo, aletas apiladas y 4 tubos de calor, reduce la resistencia al flujo de aire, reduce los puntos de calor y aumenta el flujo de aire a los disipadores de calor. El ventilador Hyper 212 RGB Black Edition recientemente mejorado de 120 mm cuadrados RGB fue diseñado para producir un gran flujo de aire y tranquilidad. Compatible con todas las placas base certificadas RGB.', 39.99, 'Ventilación', 'Cooler Master', 0, 15),
(157, 'Thermaltake Riing 12 LED Azul\r\n', 'Thermaltake ha lanzado la nueva serie LED Riing 12, un ventilador de 120 mm equipado para mejorar la presión estática que produce un rendimiento impresionante de refrigeración con un aspa del ventilador optimizado. Cojinetes hidráulicos para garantizar un funcionamiento silencioso ruido ultra bajo. Además, un sistema de montaje anti-vibración refuerza la estabilidad durante el funcionamiento. \r\nEl anillo de LED patentado mantiene el color y la uniformidad del brillo; el efecto de iluminación es visible desde todos los lados y ángulos. El anillo de LED de color cuatro (en azul, rojo, blanco y verde) añade estilo al chasis.', 14.25, 'Ventilación', 'Thermaltake ', 0, 15),
(158, 'Thermaltake Riing Silent 12 RGB Sync Edition\r\n', 'Diseñado para entusiastas y jugadores de PC, Thermaltake Riing Silent 12 RGB Sync Edition es un ventilador de CPU potente y silencioso que cuenta con aletas de aluminio de 0,4 mm de espesor y 4 tubos de calor de contacto directo para una disipación efectiva del calor. El ventilador PWM de 120 mm integrado viene con un diseño de alto flujo de aire y un anillo LED patentado de 256 colores que se controla directamente mediante el software RGB de la placa base, incluido ASUS Aura Sync, ASRock RGB LED, BIOSTAR Vivid LED DJ, GIGABYTE RGB Fusion y MSI Mystic Light Sync. Riing Silent 12 RGB es compatible con todos los zócalos de CPU Intel y AMD más recientes y te ofrece un excelente enfriamiento y un rendimiento silencioso. \r\n\r\n', 44.99, 'Ventilación', 'Thermaltake ', 0, 15),
(159, 'Corsair ML140 PRO Ventilador 140mm\r\n', 'La serie Corsair ML de ventiladores de tecnología de levitación magnética y rotores específicamente diseñados ofrece un rendimiento y un silencio incomparables. Gracias a su diseño innovador, los ventiladores de la serie ML proporcionan una elevada presión estática y un flujo de aire abundante para ofrecerle una experiencia única.\r\n\r\n', 23.99, 'Ventilación', 'Corsair', 0, 15),
(160, 'Tacens Aura II 120x120\r\n', 'Ventilador ultrasilencioso con el nuevo rodamiento de alta tecnología Tacens Fluxus II. \r\nLa construcción antipolvo provee de larga vida y alta resistencia. Sus aspas aerodinamicas, sus tornillos antivibraciones y los cables enmallados hacen del Aura II un producto de gran calidad. Incluye tornillos antivibración.', 9.25, 'Ventilación', 'Tacens ', 0, 15);

-- --------------------------------------------------------

--
-- Estructura de tabla para la tabla `promocion`
--

CREATE TABLE `promocion` (
  `id` int(10) UNSIGNED NOT NULL,
  `descuento` tinyint(3) UNSIGNED NOT NULL,
  `id_producto` int(10) UNSIGNED NOT NULL
) ENGINE=InnoDB DEFAULT CHARSET=utf8 COLLATE=utf8_unicode_520_ci;

--
-- Volcado de datos para la tabla `promocion`
--

INSERT INTO `promocion` (`id`, `descuento`, `id_producto`) VALUES
(1, 15, 13),
(2, 20, 119),
(3, 13, 31),
(4, 34, 110),
(5, 5, 34),
(6, 35, 155);

-- --------------------------------------------------------

--
-- Estructura de tabla para la tabla `usuario`
--

CREATE TABLE `usuario` (
  `id` int(10) UNSIGNED NOT NULL,
  `nombre` varchar(32) COLLATE utf8_unicode_520_ci NOT NULL,
  `apellidos` varchar(64) COLLATE utf8_unicode_520_ci NOT NULL,
  `dni` varchar(10) COLLATE utf8_unicode_520_ci NOT NULL,
  `email` varchar(128) COLLATE utf8_unicode_520_ci NOT NULL,
  `contrasena` varchar(256) COLLATE utf8_unicode_520_ci NOT NULL,
  `telefono` int(9) UNSIGNED NOT NULL,
  `direccion` varchar(64) COLLATE utf8_unicode_520_ci NOT NULL,
  `provincia` varchar(32) COLLATE utf8_unicode_520_ci NOT NULL,
  `localidad` varchar(32) COLLATE utf8_unicode_520_ci NOT NULL,
  `codigo_postal` int(5) UNSIGNED NOT NULL
) ENGINE=InnoDB DEFAULT CHARSET=utf8 COLLATE=utf8_unicode_520_ci;

--
-- Volcado de datos para la tabla `usuario`
--

INSERT INTO `usuario` (`id`, `nombre`, `apellidos`, `dni`, `email`, `contrasena`, `telefono`, `direccion`, `provincia`, `localidad`, `codigo_postal`) VALUES
(1, 'Pifa', 'Rascayú', '11111111H', 'pifa@gmail.com', '$2y$10$kR6ng34OdHyOWIjZI9QktOFqGMq4cyaDiTVqtlJ8qrajPr6Pt.mwq', 111222333, 'C/Marmolejo nº2', 'Albacete', 'Albacete', 59235),
(2, 'Javier', 'Martin', '54378692Z', 'javier@gmail.com', '$2y$10$k2raIzNSLC/2mk5MXCk39O81YiV44yGhgdFzfcNO12M1fwf2Kef7K', 123123123, 'Barbero Nº204, 6ºA', 'Tarragona', 'Tarragona', 45454),
(3, 'Alvaro', 'Rodriguez', '12312312T', 'alvaro@gmail.com', '$2y$10$Lh1686/Ftuiw5XbjWMDhEOTlVCdQ8IX8HPnwFtGhQ1POku70iR/5q', 983293949, 'Matorral Nº2, 2ºG', 'A Coruña', 'A Coruña', 12345);

--
-- Índices para tablas volcadas
--

--
-- Indices de la tabla `administrador`
--
ALTER TABLE `administrador`
  ADD PRIMARY KEY (`id`),
  ADD UNIQUE KEY `usuario` (`usuario`),
  ADD UNIQUE KEY `email` (`email`),
  ADD KEY `nombre` (`nombre`),
  ADD KEY `apellidos` (`apellidos`);

--
-- Indices de la tabla `factura`
--
ALTER TABLE `factura`
  ADD PRIMARY KEY (`id`),
  ADD KEY `iva` (`iva`),
  ADD KEY `id_usuario` (`id_usuario`);

--
-- Indices de la tabla `favorito`
--
ALTER TABLE `favorito`
  ADD PRIMARY KEY (`id`),
  ADD KEY `id_producto` (`id_producto`),
  ADD KEY `id_usuario` (`id_usuario`);

--
-- Indices de la tabla `linea`
--
ALTER TABLE `linea`
  ADD PRIMARY KEY (`id`),
  ADD KEY `id_producto` (`id_producto`),
  ADD KEY `id_factura` (`id_factura`);

--
-- Indices de la tabla `producto`
--
ALTER TABLE `producto`
  ADD PRIMARY KEY (`id`),
  ADD UNIQUE KEY `nombre` (`nombre`),
  ADD KEY `categoria` (`categoria`),
  ADD KEY `precio` (`precio`),
  ADD KEY `fabricante` (`fabricante`),
  ADD KEY `destacado` (`destacado`);

--
-- Indices de la tabla `promocion`
--
ALTER TABLE `promocion`
  ADD PRIMARY KEY (`id`),
  ADD KEY `id_producto` (`id_producto`);

--
-- Indices de la tabla `usuario`
--
ALTER TABLE `usuario`
  ADD PRIMARY KEY (`id`),
  ADD UNIQUE KEY `email` (`email`),
  ADD UNIQUE KEY `telefono` (`telefono`),
  ADD UNIQUE KEY `dni` (`dni`),
  ADD KEY `provincia` (`provincia`),
  ADD KEY `localidad` (`localidad`);

--
-- AUTO_INCREMENT de las tablas volcadas
--

--
-- AUTO_INCREMENT de la tabla `administrador`
--
ALTER TABLE `administrador`
  MODIFY `id` int(10) UNSIGNED NOT NULL AUTO_INCREMENT, AUTO_INCREMENT=6;

--
-- AUTO_INCREMENT de la tabla `factura`
--
ALTER TABLE `factura`
  MODIFY `id` int(10) UNSIGNED NOT NULL AUTO_INCREMENT, AUTO_INCREMENT=10;

--
-- AUTO_INCREMENT de la tabla `favorito`
--
ALTER TABLE `favorito`
  MODIFY `id` int(10) UNSIGNED NOT NULL AUTO_INCREMENT;

--
-- AUTO_INCREMENT de la tabla `linea`
--
ALTER TABLE `linea`
  MODIFY `id` int(10) UNSIGNED NOT NULL AUTO_INCREMENT, AUTO_INCREMENT=12;

--
-- AUTO_INCREMENT de la tabla `producto`
--
ALTER TABLE `producto`
  MODIFY `id` int(10) UNSIGNED NOT NULL AUTO_INCREMENT, AUTO_INCREMENT=161;

--
-- AUTO_INCREMENT de la tabla `promocion`
--
ALTER TABLE `promocion`
  MODIFY `id` int(10) UNSIGNED NOT NULL AUTO_INCREMENT, AUTO_INCREMENT=7;

--
-- AUTO_INCREMENT de la tabla `usuario`
--
ALTER TABLE `usuario`
  MODIFY `id` int(10) UNSIGNED NOT NULL AUTO_INCREMENT, AUTO_INCREMENT=4;

--
-- Restricciones para tablas volcadas
--

--
-- Filtros para la tabla `factura`
--
ALTER TABLE `factura`
  ADD CONSTRAINT `fk_factura_usuario` FOREIGN KEY (`id_usuario`) REFERENCES `usuario` (`id`) ON DELETE NO ACTION ON UPDATE NO ACTION;

--
-- Filtros para la tabla `favorito`
--
ALTER TABLE `favorito`
  ADD CONSTRAINT `fk_producto` FOREIGN KEY (`id_producto`) REFERENCES `producto` (`id`) ON DELETE CASCADE ON UPDATE CASCADE,
  ADD CONSTRAINT `fk_usuario` FOREIGN KEY (`id_usuario`) REFERENCES `usuario` (`id`) ON DELETE CASCADE ON UPDATE CASCADE;

--
-- Filtros para la tabla `linea`
--
ALTER TABLE `linea`
  ADD CONSTRAINT `fk_linea_factura` FOREIGN KEY (`id_factura`) REFERENCES `factura` (`id`) ON DELETE CASCADE ON UPDATE CASCADE,
  ADD CONSTRAINT `fk_linea_producto` FOREIGN KEY (`id_producto`) REFERENCES `producto` (`id`) ON DELETE NO ACTION ON UPDATE NO ACTION;

--
-- Filtros para la tabla `promocion`
--
ALTER TABLE `promocion`
  ADD CONSTRAINT `fk_promocion_producto` FOREIGN KEY (`id_producto`) REFERENCES `producto` (`id`) ON DELETE CASCADE ON UPDATE CASCADE;
COMMIT;

/*!40101 SET CHARACTER_SET_CLIENT=@OLD_CHARACTER_SET_CLIENT */;
/*!40101 SET CHARACTER_SET_RESULTS=@OLD_CHARACTER_SET_RESULTS */;
/*!40101 SET COLLATION_CONNECTION=@OLD_COLLATION_CONNECTION */;
